_key,judge_score,judge_label,judge_reason,judge_raw
Base (zero-shot)||0||9110e1a4e3,2,partially_correct,,"{""score"": 2, ""label"": ""partially_correct""}"
Base (zero-shot)||1||ddedb7c925,3,mostly_correct,,"{""score"": 3, ""label"": ""mostly_correct""}"
Base (zero-shot)||2||763fbd624f,2,partially_correct,,"{""score"": 2, ""label"": ""partially_correct""}"
Base (zero-shot)||3||073098af01,2,partially_correct,,"{""score"": 2, ""label"": ""partially_correct""}"
Base (zero-shot)||4||26697edb7e,0,incorrect,,"{""score"": 0, ""label"": ""incorrect""}"
Base (zero-shot)||5||3e097a1cf2,2,partially_correct,,"{""score"": 2, ""label"": ""partially_correct""}"
Base (zero-shot)||6||f6b9955627,3,mostly_correct,,"{""score"": 3, ""label"": ""mostly_correct""}"
Base (zero-shot)||7||84590c4b9f,2,partially_correct,,"{""score"": 2, ""label"": ""partially_correct""}"
Base (zero-shot)||8||7e9148941f,2,partially_correct,,"{""score"": 2, ""label"": ""partially_correct""}"
Base (zero-shot)||9||bd7f4d06db,2,partially_correct,,"{""score"": 2, ""label"": ""partially_correct""}"
Base (zero-shot)||10||d23e1f29e1,2,partially_correct,,"{""score"": 2, ""label"": ""partially_correct""}"
Base (zero-shot)||11||1f0812fe91,3,mostly_correct,,"{""score"": 3, ""label"": ""mostly_correct""}"
Base (zero-shot)||12||a3345de988,2,partially_correct,,"{""score"": 2, ""label"": ""partially_correct""}"
Base (zero-shot)||13||ce1989a934,2,partially_correct,,"{""score"": 2, ""label"": ""partially_correct""}"
Base (zero-shot)||14||00d44ff07f,2,partially_correct,,"{""score"": 2, ""label"": ""partially_correct""}"
Base (zero-shot)||15||6c72ae1414,0,incorrect,,"{""score"": 0, ""label"": ""incorrect""}"
Base (zero-shot)||16||5885c34403,2,partially_correct,,"{""score"": 2, ""label"": ""partially_correct""}"
Base (zero-shot)||17||3f75098d0b,2,partially_correct,,"{""score"": 2, ""label"": ""partially_correct""}"
Base (zero-shot)||18||42d5c18d81,1,mostly_incorrect,,"{""score"": 1, ""label"": ""mostly_incorrect""}"
Base (zero-shot)||19||ea08238c4c,3,mostly_correct,,"{""score"": 3, ""label"": ""mostly_correct""}"
Base (zero-shot)||20||3b96024469,2,partially_correct,,"{""score"": 2, ""label"": ""partially_correct""}"
Base (zero-shot)||21||d8695833e2,3,mostly_correct,,"{""score"": 3, ""label"": ""mostly_correct""}"
Base (zero-shot)||22||540b2a30c9,2,partially_correct,,"{""score"": 2, ""label"": ""partially_correct""}"
Base (zero-shot)||23||1292e6d9bd,3,mostly_correct,,"{""score"": 3, ""label"": ""mostly_correct""}"
Base (zero-shot)||24||225eca3c92,2,partially_correct,,"{""score"": 2, ""label"": ""partially_correct""}"
Base (zero-shot)||25||0cd467cc9e,2,partially_correct,,"{""score"": 2, ""label"": ""partially_correct""}"
Base (zero-shot)||26||68ceb32dbd,2,partially_correct,,"{""score"": 2, ""label"": ""partially_correct""}"
Base (zero-shot)||27||cbe669244b,2,partially_correct,,"{""score"": 2, ""label"": ""partially_correct""}"
Base (zero-shot)||28||6bfb7c87f4,2,partially_correct,,"{""score"": 2, ""label"": ""partially_correct""}"
Base (zero-shot)||29||5fb0eaa658,0,incorrect,,"{""score"": 0, ""label"": ""incorrect""}"
Base (zero-shot)||30||f64eb4e235,0,incorrect,,"{""score"": 0, ""label"": ""incorrect""}"
Base (zero-shot)||31||8e6b22d4f0,2,partially_correct,,"{""score"": 2, ""label"": ""partially_correct""}"
Base (zero-shot)||32||174ea0c198,2,partially_correct,,"{""score"": 2, ""label"": ""partially_correct""}"
Base (zero-shot)||33||35a8fe577a,2,partially_correct,,"{""score"": 2, ""label"": ""partially_correct""}"
Base (zero-shot)||34||7f622ea9d2,2,partially_correct,,"{""score"": 2, ""label"": ""partially_correct""}"
Base (zero-shot)||35||a2ffe0428d,2,partially_correct,,"{""score"": 2, ""label"": ""partially_correct""}"
Base (zero-shot)||36||9ad1a89059,3,mostly_correct,,"{""score"": 3, ""label"": ""mostly_correct""}"
Base (zero-shot)||37||f5c3ca6432,2,partially_correct,,"{""score"": 2, ""label"": ""partially_correct""}"
Base (zero-shot)||38||db1034f526,3,mostly_correct,,"{""score"": 3, ""label"": ""mostly_correct""}"
Base (zero-shot)||39||6bf54675e5,2,partially_correct,,"{""score"": 2, ""label"": ""partially_correct""}"
Base (zero-shot)||40||7643530522,0,incorrect,,"{""score"": 0, ""label"": ""incorrect""}"
Base (zero-shot)||41||0c42f05da8,2,partially_correct,,"{""score"": 2, ""label"": ""partially_correct""}"
Base (zero-shot)||42||dbc391150d,2,partially_correct,,"{""score"": 2, ""label"": ""partially_correct""}"
Base (zero-shot)||43||75ac185202,2,partially_correct,,"{""score"": 2, ""label"": ""partially_correct""}"
Base (zero-shot)||44||4991a97a65,2,partially_correct,,"{""score"": 2, ""label"": ""partially_correct""}"
Base (zero-shot)||45||0273ed5e3c,2,partially_correct,,"{""score"": 2, ""label"": ""partially_correct""}"
Base (zero-shot)||46||60004f665f,2,partially_correct,,"{""score"": 2, ""label"": ""partially_correct""}"
Base (zero-shot)||47||a808f58d72,2,partially_correct,,"{""score"": 2, ""label"": ""partially_correct""}"
Base (zero-shot)||48||1df6898054,2,partially_correct,,"{""score"": 2, ""label"": ""partially_correct""}"
Base (zero-shot)||49||9a4af5d840,3,mostly_correct,,"{""score"": 3, ""label"": ""mostly_correct""}

Explanation:
- The response correctly mentions that scholarships, advising, and course waivers are available, which aligns with"
Base (zero-shot)||50||051267b90b,2,partially_correct,,"{""score"": 2, ""label"": ""partially_correct""}"
Base (zero-shot)||51||101d96457a,2,partially_correct,,"{""score"": 2, ""label"": ""partially_correct""}"
Base (zero-shot)||52||9f5ab1e3c9,3,mostly_correct,,"{""score"": 3, ""label"": ""mostly_correct""}"
Base (zero-shot)||53||b627f67881,2,partially_correct,,"{""score"": 2, ""label"": ""partially_correct""}"
Base (zero-shot)||54||9331d7f7de,2,partially_correct,,"{""score"": 2, ""label"": ""partially_correct""}"
Base (zero-shot)||55||c0d6014e79,3,mostly_correct,,"{""score"": 3, ""label"": ""mostly_correct""}"
Base (zero-shot)||56||1e1b477054,2,partially_correct,,"{""score"": 2, ""label"": ""partially_correct""}"
Base (zero-shot)||57||215407856b,2,partially_correct,,"{""score"": 2, ""label"": ""partially_correct""}"
Base (zero-shot)||58||7f2da8e5a3,2,partially_correct,,"{""score"": 2, ""label"": ""partially_correct""}"
Base (zero-shot)||59||715dbf99f5,2,partially_correct,,"{""score"": 2, ""label"": ""partially_correct""}"
Base (zero-shot)||60||dea52b3b46,2,partially_correct,,"{""score"": 2, ""label"": ""partially_correct""}"
Base (zero-shot)||61||5914293783,3,mostly_correct,,"{""score"": 3, ""label"": ""mostly_correct""}"
Base (zero-shot)||62||735b5b7004,3,mostly_correct,,"{""score"": 3, ""label"": ""mostly_correct""}"
Base (zero-shot)||63||9d1b0fdca5,1,mostly_incorrect,,"{""score"": 1, ""label"": ""mostly_incorrect""}"
Base (zero-shot)||64||ad5776b31b,3,mostly_correct,,"{""score"": 3, ""label"": ""mostly_correct""}"
Base (zero-shot)||65||aa321fc02b,3,mostly_correct,,"{""score"": 3, ""label"": ""mostly_correct""}"
Base (zero-shot)||66||86e6daa390,2,partially_correct,,"{""score"": 2, ""label"": ""partially_correct""}"
Base (zero-shot)||67||cadf59da06,0,incorrect,,"{""score"": 0, ""label"": ""incorrect""}"
Base (zero-shot)||68||d46c271b12,2,partially_correct,,"{""score"": 2, ""label"": ""partially_correct""}"
Base (zero-shot)||69||eab83dc523,2,partially_correct,,"{""score"": 2, ""label"": ""partially_correct""}"
Base (zero-shot)||70||dd9d684d68,3,mostly_correct,,"{""score"": 3, ""label"": ""mostly_correct""}"
Base (zero-shot)||71||72dbea2730,2,partially_correct,,"{""score"": 2, ""label"": ""partially_correct""}"
Base (zero-shot)||72||feee26a83c,1,mostly_incorrect,,"{""score"": 1, ""label"": ""mostly_incorrect""}"
Base (zero-shot)||73||d126f4cac7,2,partially_correct,,"{""score"": 2, ""label"": ""partially_correct""}"
Base (zero-shot)||74||009091b511,3,mostly_correct,,"{""score"": 3, ""label"": ""mostly_correct""}"
Base (zero-shot)||75||4c31bef04f,2,partially_correct,,"{""score"": 2, ""label"": ""partially_correct""}"
Base (zero-shot)||76||286a50973d,3,mostly_correct,,"{""score"": 3, ""label"": ""mostly_correct""}"
Base (zero-shot)||77||0476de7d97,2,partially_correct,,"{""score"": 2, ""label"": ""partially_correct""}"
Base (zero-shot)||78||47c67b4a99,2,partially_correct,,"{""score"": 2, ""label"": ""partially_correct""}"
Base (zero-shot)||79||d9beaba02f,2,partially_correct,,"{""score"": 2, ""label"": ""partially_correct""}"
Base (zero-shot)||80||2ab00efb41,2,partially_correct,,"{""score"": 2, ""label"": ""partially_correct""}"
Base (zero-shot)||81||a408673baa,0,incorrect,,"{""score"": 0, ""label"": ""incorrect""}"
Base (zero-shot)||82||976bb46a94,2,partially_correct,,"{""score"": 2, ""label"": ""partially_correct""}"
Base (zero-shot)||83||692db0e827,1,mostly_incorrect,,"{""score"": 1, ""label"": ""mostly_incorrect""}"
Base (zero-shot)||84||3530929ab7,1,mostly_incorrect,,"{""score"": 1, ""label"": ""mostly_incorrect""}"
Base (zero-shot)||85||d886090863,0,incorrect,,"{""score"": 0, ""label"": ""incorrect""}"
Base (zero-shot)||86||9987a01566,3,mostly_correct,,"{""score"": 3, ""label"": ""mostly_correct""}"
Base (zero-shot)||87||f116406fd6,2,partially_correct,,"{""score"": 2, ""label"": ""partially_correct""}"
Base (zero-shot)||88||3caae7a724,3,mostly_correct,,"{""score"": 3, ""label"": ""mostly_correct""}"
Base (zero-shot)||89||8fa6d49137,3,mostly_correct,,"{""score"": 3, ""label"": ""mostly_correct""}"
Base (zero-shot)||90||55bb726b65,3,mostly_correct,,"{""score"": 3, ""label"": ""mostly_correct""}"
Base (zero-shot)||91||990e5fd090,0,incorrect,,"{""score"": 0, ""label"": ""incorrect""}"
Base (zero-shot)||92||a2cf22538c,2,partially_correct,,"{""score"": 2, ""label"": ""partially_correct""}"
Base (zero-shot)||93||1d670e1813,3,mostly_correct,,"{""score"": 3, ""label"": ""mostly_correct""}"
Base (zero-shot)||94||bd07b6cdb1,2,partially_correct,,"{""score"": 2, ""label"": ""partially_correct""}"
Base (zero-shot)||95||f027e21f85,1,mostly_incorrect,,"{""score"": 1, ""label"": ""mostly_incorrect""}"
Base (zero-shot)||96||7d83d74bb7,1,mostly_incorrect,,"{""score"": 1, ""label"": ""mostly_incorrect""}"
Base (zero-shot)||97||a5d492c5e3,2,partially_correct,,"{""score"": 2, ""label"": ""partially_correct""}"
Base (zero-shot)||98||807ad4d087,2,partially_correct,,"{""score"": 2, ""label"": ""partially_correct""}"
Base (zero-shot)||99||d01eeeb004,2,partially_correct,,"{""score"": 2, ""label"": ""partially_correct""}"
Base (zero-shot)||100||59d59e78db,2,partially_correct,,"{""score"": 2, ""label"": ""partially_correct""}"
Base (zero-shot)||101||9cd79802eb,3,mostly_correct,,"{""score"": 3, ""label"": ""mostly_correct""}"
Base (zero-shot)||102||5ce28667bf,2,partially_correct,,"{""score"": 2, ""label"": ""partially_correct""}"
Base (zero-shot)||103||60e83bc6de,2,partially_correct,,"{""score"": 2, ""label"": ""partially_correct""}"
Base (zero-shot)||104||950da5001a,3,mostly_correct,,"{""score"": 3, ""label"": ""mostly_correct""}"
Base (zero-shot)||105||8c344d06c6,3,mostly_correct,,"{""score"": 3, ""label"": ""mostly_correct""}"
Base (zero-shot)||106||1c704f7b24,2,partially_correct,,"{""score"": 2, ""label"": ""partially_correct""}"
Base (zero-shot)||107||9c02f883d6,3,mostly_correct,,"{""score"": 3, ""label"": ""mostly_correct""}"
Base (zero-shot)||108||d8cef130bd,0,incorrect,,"{""score"": 0, ""label"": ""incorrect""}"
Base (zero-shot)||109||74b0054a0b,2,partially_correct,,"{""score"": 2, ""label"": ""partially_correct""}"
Base (zero-shot)||110||08241970a5,1,mostly_incorrect,,"{""score"": 1, ""label"": ""mostly_incorrect""}"
Base (zero-shot)||111||e8ca304569,2,partially_correct,,"{""score"": 2, ""label"": ""partially_correct""}"
Base (zero-shot)||112||27096210bc,2,partially_correct,,"{""score"": 2, ""label"": ""partially_correct""}"
Base (zero-shot)||113||e748076258,3,mostly_correct,,"{""score"": 3, ""label"": ""mostly_correct""}"
Base (zero-shot)||114||54da1fc611,3,mostly_correct,,"{""score"": 3, ""label"": ""mostly_correct""}"
Base (zero-shot)||115||5a0d588563,2,partially_correct,,"{""score"": 2, ""label"": ""partially_correct""}"
Base (zero-shot)||116||3c6ce9dd94,2,partially_correct,,"{""score"": 2, ""label"": ""partially_correct""}"
Base (zero-shot)||117||fb54ad90e9,2,partially_correct,,"{""score"": 2, ""label"": ""partially_correct""}"
Base (zero-shot)||118||1a68b2738c,3,mostly_correct,,"{""score"": 3, ""label"": ""mostly_correct""}"
Base (zero-shot)||119||4cda5ba0e1,2,partially_correct,,"{""score"": 2, ""label"": ""partially_correct""}"
Base (zero-shot)||120||e418849382,2,partially_correct,,"{""score"": 2, ""label"": ""partially_correct""}"
Base (zero-shot)||121||db490b0159,2,partially_correct,,"{""score"": 2, ""label"": ""partially_correct""}"
Base (zero-shot)||122||1e847e48c3,0,incorrect,,"{""score"": 0, ""label"": ""incorrect""}"
Base (zero-shot)||123||386c8757bd,3,mostly_correct,,"{""score"": 3, ""label"": ""mostly_correct""}"
Base (zero-shot)||124||bd1bc6631a,3,mostly_correct,,"{""score"": 3, ""label"": ""mostly_correct""}"
Base (zero-shot)||125||cf4b3c10d4,2,partially_correct,,"{""score"": 2, ""label"": ""partially_correct""}"
Base (zero-shot)||126||0ea6faf712,3,mostly_correct,,"{""score"": 3, ""label"": ""mostly_correct""}"
Base (zero-shot)||127||34b9bb5f4b,2,partially_correct,,"{""score"": 2, ""label"": ""partially_correct""}"
Base (zero-shot)||128||07083f96e8,2,partially_correct,,"{""score"": 2, ""label"": ""partially_correct""}"
Base (zero-shot)||129||7db5f72e0f,2,partially_correct,,"{""score"": 2, ""label"": ""partially_correct""}"
Base (zero-shot)||130||7de8faa2ea,2,partially_correct,,"{""score"": 2, ""label"": ""partially_correct""}"
Base (zero-shot)||131||838ec56175,0,incorrect,,"{""score"": 0, ""label"": ""incorrect""}"
Base (zero-shot)||132||4b1e9acec1,2,partially_correct,,"{""score"": 2, ""label"": ""partially_correct""}"
Base (zero-shot)||133||f3bfa6d80e,3,mostly_correct,,"{""score"": 3, ""label"": ""mostly_correct""}"
Base (zero-shot)||134||c9330fc36d,2,partially_correct,,"{""score"": 2, ""label"": ""partially_correct""}"
Base (zero-shot)||135||15392a4d86,2,partially_correct,,"{""score"": 2, ""label"": ""partially_correct""}"
Base (zero-shot)||136||3b90d489bf,2,partially_correct,,"{""score"": 2, ""label"": ""partially_correct""}"
Base (zero-shot)||137||7e3efd7ab4,2,partially_correct,,"{""score"": 2, ""label"": ""partially_correct""}"
Base (zero-shot)||138||6da5fa1c3d,3,mostly_correct,,"{""score"": 3, ""label"": ""mostly_correct""}"
Base (zero-shot)||139||61715e2d1e,0,incorrect,,"{""score"": 0, ""label"": ""incorrect""}"
Base (zero-shot)||140||c6c4f04f46,2,partially_correct,,"{""score"": 2, ""label"": ""partially_correct""}"
Base (zero-shot)||141||13485e414d,3,mostly_correct,,"{""score"": 3, ""label"": ""mostly_correct""}"
Base (zero-shot)||142||5066ccc5c7,3,mostly_correct,,"{""score"": 3, ""label"": ""mostly_correct""}"
Base (zero-shot)||143||a228db7789,2,partially_correct,,"{""score"": 2, ""label"": ""partially_correct""}"
Base (zero-shot)||144||a6b684709a,3,mostly_correct,,"{""score"": 3, ""label"": ""mostly_correct""}"
Base (zero-shot)||145||5b68e34483,2,partially_correct,,"{""score"": 2, ""label"": ""partially_correct""}"
Base (zero-shot)||146||8647559973,3,mostly_correct,,"{""score"": 3, ""label"": ""mostly_correct""}"
Base (zero-shot)||147||eadcd457d7,2,partially_correct,,"{""score"": 2, ""label"": ""partially_correct""}"
Base (zero-shot)||148||2b75590231,2,partially_correct,,"{""score"": 2, ""label"": ""partially_correct""}"
Base (zero-shot)||149||8a0629b038,2,partially_correct,,"{""score"": 2, ""label"": ""partially_correct""}"
Base (zero-shot)||150||b4fc4c73f9,3,mostly_correct,,"{""score"": 3, ""label"": ""mostly_correct""}"
Base (zero-shot)||151||ce8231a591,2,partially_correct,,"{""score"": 2, ""label"": ""partially_correct""}"
Base (zero-shot)||152||1cd5d3391e,2,partially_correct,,"{""score"": 2, ""label"": ""partially_correct""}"
Base (zero-shot)||153||422ded5de2,3,mostly_correct,,"{""score"": 3, ""label"": ""mostly_correct""}"
Base (zero-shot)||154||d23f1897ae,2,partially_correct,,"{""score"": 2, ""label"": ""partially_correct""}"
Base (zero-shot)||155||3179a20310,2,partially_correct,,"{""score"": 2, ""label"": ""partially_correct""}"
Base (zero-shot)||156||0c92a7c4a1,2,partially_correct,,"{""score"": 2, ""label"": ""partially_correct""}"
Base (zero-shot)||157||04d172dcea,2,partially_correct,,"{""score"": 2, ""label"": ""partially_correct""}"
Base (zero-shot)||158||feaf741902,2,partially_correct,,"{""score"": 2, ""label"": ""partially_correct""}"
Base (zero-shot)||159||25876491d5,2,partially_correct,,"{""score"": 2, ""label"": ""partially_correct""}"
Base (zero-shot)||160||4abb2d1e24,2,partially_correct,,"{""score"": 2, ""label"": ""partially_correct""}"
Base (zero-shot)||161||dbf0ba9117,2,partially_correct,,"{""score"": 2, ""label"": ""partially_correct""}"
Base (zero-shot)||162||920af1a48d,2,partially_correct,,"{""score"": 2, ""label"": ""partially_correct""}"
Base (zero-shot)||163||51351a72f3,3,mostly_correct,,"{""score"": 3, ""label"": ""mostly_correct""}"
Base (zero-shot)||164||cab2c74f51,3,mostly_correct,,"{""score"": 3, ""label"": ""mostly_correct""}"
Base (zero-shot)||165||956ee9bb16,1,mostly_incorrect,,"{""score"": 1, ""label"": ""mostly_incorrect""}"
Base (zero-shot)||166||0f49c46431,3,mostly_correct,,"{""score"": 3, ""label"": ""mostly_correct""}"
Base (zero-shot)||167||57ff28ff51,2,partially_correct,,"{""score"": 2, ""label"": ""partially_correct""}"
Base (zero-shot)||168||1e7546d1e6,0,incorrect,,"{""score"": 0, ""label"": ""incorrect""}"
Base (zero-shot)||169||9131c78480,3,mostly_correct,,"{""score"": 3, ""label"": ""mostly_correct""}"
Base (zero-shot)||170||e32d6ba388,2,partially_correct,,"{""score"": 2, ""label"": ""partially_correct""}"
Base (zero-shot)||171||946f41f66d,2,partially_correct,,"{""score"": 2, ""label"": ""partially_correct""}"
Base (zero-shot)||172||4d109e6f3e,3,mostly_correct,,"{""score"": 3, ""label"": ""mostly_correct""}"
Base (zero-shot)||173||b7484307a1,2,partially_correct,,"{""score"": 2, ""label"": ""partially_correct""}"
Base (zero-shot)||174||a87f4f9497,2,partially_correct,,"{""score"": 2, ""label"": ""partially_correct""}"
Base (zero-shot)||175||8ab5e86109,2,partially_correct,,"{""score"": 2, ""label"": ""partially_correct""}"
Base (zero-shot)||176||24451309f2,2,partially_correct,,"{""score"": 2, ""label"": ""partially_correct""}"
Base (zero-shot)||177||366658d932,2,partially_correct,,"{""score"": 2, ""label"": ""partially_correct""}"
Base (zero-shot)||178||3bac2c3970,4,fully_correct,,"{""score"": 4, ""label"": ""fully_correct""}"
Base (zero-shot)||179||c040674374,2,partially_correct,,"{""score"": 2, ""label"": ""partially_correct""}"
Base (zero-shot)||180||c83eb7dd8b,1,mostly_incorrect,,"{""score"": 1, ""label"": ""mostly_incorrect""}"
Base (zero-shot)||181||1a77d2ff94,3,mostly_correct,,"{""score"": 3, ""label"": ""mostly_correct""}"
Base (zero-shot)||182||e74ee0c3be,2,partially_correct,,"{""score"": 2, ""label"": ""partially_correct""}"
Base (zero-shot)||183||0035d68872,2,partially_correct,,"{""score"": 2, ""label"": ""partially_correct""}"
Base (zero-shot)||184||6c44ad8b35,2,partially_correct,,"{""score"": 2, ""label"": ""partially_correct""}"
Base (zero-shot)||185||23fbabdeec,2,partially_correct,,"{""score"": 2, ""label"": ""partially_correct""}"
Base (zero-shot)||186||4356cc690c,2,partially_correct,,"{""score"": 2, ""label"": ""partially_correct""}"
Base (zero-shot)||187||0f8f35f162,3,mostly_correct,,"{""score"": 3, ""label"": ""mostly_correct""}"
Base (zero-shot)||188||1b5c31ee90,2,partially_correct,,"{""score"": 2, ""label"": ""partially_correct""}"
Base (zero-shot)||189||a201d6b33e,2,partially_correct,,"{""score"": 2, ""label"": ""partially_correct""}"
Base (zero-shot)||190||21f6c93f16,1,mostly_incorrect,,"{""score"": 1, ""label"": ""mostly_incorrect""}"
Base (zero-shot)||191||2af59e232d,2,partially_correct,,"{""score"": 2, ""label"": ""partially_correct""}"
Base (zero-shot)||192||f94d74eb36,0,incorrect,,"{""score"": 0, ""label"": ""incorrect""}"
Base (zero-shot)||193||8ca573c75c,2,partially_correct,,"{""score"": 2, ""label"": ""partially_correct""}"
Base (zero-shot)||194||2af2d11dd0,2,partially_correct,,"{""score"": 2, ""label"": ""partially_correct""}"
Base (zero-shot)||195||6b099832f8,0,incorrect,,"{""score"": 0, ""label"": ""incorrect""}"
Base (zero-shot)||196||6f56d83337,3,mostly_correct,,"{""score"": 3, ""label"": ""mostly_correct""}"
Base (zero-shot)||197||037417ebd9,3,mostly_correct,,"{""score"": 3, ""label"": ""mostly_correct""}"
Base (zero-shot)||198||8025a12845,3,mostly_correct,,"{""score"": 3, ""label"": ""mostly_correct""}"
Base (zero-shot)||199||7f866a4214,0,incorrect,,"{""score"": 0, ""label"": ""incorrect""}"
Base (zero-shot)||200||e8d3c01408,3,mostly_correct,,"{""score"": 3, ""label"": ""mostly_correct""}"
Base (zero-shot)||201||1eca806662,3,mostly_correct,,"{""score"": 3, ""label"": ""mostly_correct""}"
Base (zero-shot)||202||9493ad8c7d,2,partially_correct,,"{""score"": 2, ""label"": ""partially_correct""}"
Base (zero-shot)||203||c13c7e3521,2,partially_correct,,"{""score"": 2, ""label"": ""partially_correct""}"
Base (zero-shot)||204||b54ed029a3,3,mostly_correct,,"{""score"": 3, ""label"": ""mostly_correct""}"
Base (zero-shot)||205||81a4c72ea1,3,mostly_correct,,"{""score"": 3, ""label"": ""mostly_correct""}"
Base (zero-shot)||206||1214363856,2,partially_correct,,"{""score"": 2, ""label"": ""partially_correct""}"
Base (zero-shot)||207||8b9719da4e,2,partially_correct,,"{""score"": 2, ""label"": ""partially_correct""}"
Base (zero-shot)||208||8b9c26d6ff,0,incorrect,,"{""score"": 0, ""label"": ""incorrect""}"
Base (zero-shot)||209||7e1100740d,1,mostly_incorrect,,"{""score"": 1, ""label"": ""mostly_incorrect""}"
Base (zero-shot)||210||5658846503,2,partially_correct,,"{""score"": 2, ""label"": ""partially_correct""}"
Base (zero-shot)||211||06a9e23550,2,partially_correct,,"{""score"": 2, ""label"": ""partially_correct""}"
Base (zero-shot)||212||b0b9ae5c33,2,partially_correct,,"{""score"": 2, ""label"": ""partially_correct""}"
Base (zero-shot)||213||022c1fb404,2,partially_correct,,"{""score"": 2, ""label"": ""partially_correct""}"
Base (zero-shot)||214||0abbc0fbaf,3,mostly_correct,,"{""score"": 3, ""label"": ""mostly_correct""}"
Base (zero-shot)||215||c5578d1d6c,2,partially_correct,,"{""score"": 2, ""label"": ""partially_correct""}"
Base (zero-shot)||216||899445d734,0,incorrect,,"{""score"": 0, ""label"": ""incorrect""}"
Base (zero-shot)||217||d1e24ec0d1,3,mostly_correct,,"{""score"": 3, ""label"": ""mostly_correct""}"
Base (zero-shot)||218||b630c0dce7,3,mostly_correct,,"{""score"": 3, ""label"": ""mostly_correct""}"
Base (zero-shot)||219||a95ae4bd80,2,partially_correct,,"{""score"": 2, ""label"": ""partially_correct""}"
Base (zero-shot)||220||4a8e4cd68c,2,partially_correct,,"{""score"": 2, ""label"": ""partially_correct""}"
Base (zero-shot)||221||fd31db6719,2,partially_correct,,"{""score"": 2, ""label"": ""partially_correct""}"
Base (zero-shot)||222||08de14d8ec,2,partially_correct,,"{""score"": 2, ""label"": ""partially_correct""}"
Base (zero-shot)||223||16909fe600,0,incorrect,,"{""score"": 0, ""label"": ""incorrect""}"
Base (zero-shot)||224||927f3ce0df,2,partially_correct,,"{""score"": 2, ""label"": ""partially_correct""}"
Base (zero-shot)||225||034904ec21,3,mostly_correct,,"{""score"": 3, ""label"": ""mostly_correct""}"
Base (zero-shot)||226||ca031b7740,0,incorrect,,"{""score"": 0, ""label"": ""incorrect""}"
Base (zero-shot)||227||9d9060b60d,2,partially_correct,,"{""score"": 2, ""label"": ""partially_correct""}"
Base (zero-shot)||228||7c100f63a6,2,partially_correct,,"{""score"": 2, ""label"": ""partially_correct""}"
Base (zero-shot)||229||5673dc4af7,3,mostly_correct,,"{""score"": 3, ""label"": ""mostly_correct""}"
Base (zero-shot)||230||e622f23a27,4,fully_correct,,"{""score"": 4, ""label"": ""fully_correct""}"
Base (zero-shot)||231||9cc027351d,2,partially_correct,,"{""score"": 2, ""label"": ""partially_correct""}"
Base (zero-shot)||232||b1bca01639,2,partially_correct,,"{""score"": 2, ""label"": ""partially_correct""}"
Base (zero-shot)||233||bcc351f14f,1,mostly_incorrect,,"{""score"": 1, ""label"": ""mostly_incorrect""}"
Base (zero-shot)||234||2381f82bc7,3,mostly_correct,,"{""score"": 3, ""label"": ""mostly_correct""}"
Base (zero-shot)||235||a88f100f02,3,mostly_correct,,"{""score"": 3, ""label"": ""mostly_correct""}"
Base (zero-shot)||236||62a8b84574,2,partially_correct,,"{""score"": 2, ""label"": ""partially_correct""}"
Base (zero-shot)||237||efdcd7dfda,2,partially_correct,,"{""score"": 2, ""label"": ""partially_correct""}"
Base (zero-shot)||238||05a650cb4c,2,partially_correct,,"{""score"": 2, ""label"": ""partially_correct""}"
Base (zero-shot)||239||22c2743f67,3,mostly_correct,,"{""score"": 3, ""label"": ""mostly_correct""}"
Base (zero-shot)||240||0ed9e93005,3,mostly_correct,,"{""score"": 3, ""label"": ""mostly_correct""}"
Base (zero-shot)||241||b38ba20684,2,partially_correct,,"{""score"": 2, ""label"": ""partially_correct""}"
Base (zero-shot)||242||19ad8dbc67,3,mostly_correct,,"{""score"": 3, ""label"": ""mostly_correct""}"
Base (zero-shot)||243||73df56ceb9,3,mostly_correct,,"{""score"": 3, ""label"": ""mostly_correct""}"
Base (zero-shot)||244||d6d0c428bf,2,partially_correct,,"{""score"": 2, ""label"": ""partially_correct""}"
Base (zero-shot)||245||59da02cdd4,1,mostly_incorrect,,"{""score"": 1, ""label"": ""mostly_incorrect""}"
Base (zero-shot)||246||19ae316b45,3,mostly_correct,,"{""score"": 3, ""label"": ""mostly_correct""}"
Base (zero-shot)||247||5d4153f176,3,mostly_correct,,"{""score"": 3, ""label"": ""mostly_correct""}"
Base (zero-shot)||248||baf14b2de9,0,incorrect,,"{""score"": 0, ""label"": ""incorrect""}"
Base (zero-shot)||249||c13357d873,2,partially_correct,,"{""score"": 2, ""label"": ""partially_correct""}"
Base (zero-shot)||250||afc71ce0b6,2,partially_correct,,"{""score"": 2, ""label"": ""partially_correct""}"
Base (zero-shot)||251||fa6759bf6f,3,mostly_correct,,"{""score"": 3, ""label"": ""mostly_correct""}"
Base (zero-shot)||252||16c53abf56,2,partially_correct,,"{""score"": 2, ""label"": ""partially_correct""}"
Base (zero-shot)||253||e8f7cfacd9,1,mostly_incorrect,,"{""score"": 1, ""label"": ""mostly_incorrect""}"
Base (zero-shot)||254||79183d8e44,2,partially_correct,,"{""score"": 2, ""label"": ""partially_correct""}"
Base (zero-shot)||255||cfe999cd94,2,partially_correct,,"{""score"": 2, ""label"": ""partially_correct""}"
Base (zero-shot)||256||58d8f32b26,2,partially_correct,,"{""score"": 2, ""label"": ""partially_correct""}"
Base (zero-shot)||257||17a71d6a5d,2,partially_correct,,"{""score"": 2, ""label"": ""partially_correct""}"
Base (zero-shot)||258||519f86c388,2,partially_correct,,"{""score"": 2, ""label"": ""partially_correct""}"
Base (zero-shot)||259||e2e3cecd5f,3,mostly_correct,,"{""score"": 3, ""label"": ""mostly_correct""}"
Base (zero-shot)||260||742f4048a8,2,partially_correct,,"{""score"": 2, ""label"": ""partially_correct""}"
Base (zero-shot)||261||646f74d8ea,3,mostly_correct,,"{""score"": 3, ""label"": ""mostly_correct""}"
Base (zero-shot)||262||75d6f96f1d,3,mostly_correct,,"{""score"": 3, ""label"": ""mostly_correct""}"
Base (zero-shot)||263||cabba09afb,0,incorrect,,"{""score"": 0, ""label"": ""incorrect""}"
Base (zero-shot)||264||b8ee053665,3,mostly_correct,,"{""score"": 3, ""label"": ""mostly_correct""}"
Base (zero-shot)||265||52ef4a2bf0,2,partially_correct,,"{""score"": 2, ""label"": ""partially_correct""}"
Base (zero-shot)||266||21e22d1939,3,mostly_correct,,"{""score"": 3, ""label"": ""mostly_correct""}"
Base (zero-shot)||267||25cf6cae12,3,mostly_correct,,"{""score"": 3, ""label"": ""mostly_correct""}"
Base (zero-shot)||268||31ea3457e0,2,partially_correct,,"{""score"": 2, ""label"": ""partially_correct""}"
Base (zero-shot)||269||c8df40e8c5,3,mostly_correct,,"{""score"": 3, ""label"": ""mostly_correct""}"
Base (zero-shot)||270||342547fe43,2,partially_correct,,"{""score"": 2, ""label"": ""partially_correct""}"
Base (zero-shot)||271||c5d3c67105,2,partially_correct,,"{""score"": 2, ""label"": ""partially_correct""}"
Base (zero-shot)||272||16f7bb865f,0,incorrect,,"{""score"": 0, ""label"": ""incorrect""}"
Base (zero-shot)||273||ab9a43d456,2,partially_correct,,"{""score"": 2, ""label"": ""partially_correct""}"
Base (zero-shot)||274||d7aa6a6260,2,partially_correct,,"{""score"": 2, ""label"": ""partially_correct""}"
Base (zero-shot)||275||5a7a06c0a3,2,partially_correct,,"{""score"": 2, ""label"": ""partially_correct""}"
Base (zero-shot)||276||e787403a5a,3,mostly_correct,,"{""score"": 3, ""label"": ""mostly_correct""}"
Base (zero-shot)||277||f4937c75e5,2,partially_correct,,"{""score"": 2, ""label"": ""partially_correct""}"
Base (zero-shot)||278||fa55d768c8,3,mostly_correct,,"{""score"": 3, ""label"": ""mostly_correct""}"
Base (zero-shot)||279||f4ce43face,2,partially_correct,,"{""score"": 2, ""label"": ""partially_correct""}"
Base (zero-shot)||280||2efd387b81,1,mostly_incorrect,,"{""score"": 1, ""label"": ""mostly_incorrect""}"
Base (zero-shot)||281||5fb3bce401,2,partially_correct,,"{""score"": 2, ""label"": ""partially_correct""}"
Base (zero-shot)||282||5956374026,3,mostly_correct,,"{""score"": 3, ""label"": ""mostly_correct""}"
Base (zero-shot)||283||8013aa8402,3,mostly_correct,,"{""score"": 3, ""label"": ""mostly_correct""}"
Base (zero-shot)||284||5366fad8b1,3,mostly_correct,,"{""score"": 3, ""label"": ""mostly_correct""}"
Base (zero-shot)||285||f6acf4381c,2,partially_correct,,"{""score"": 2, ""label"": ""partially_correct""}"
Base (zero-shot)||286||f747a3189a,2,partially_correct,,"{""score"": 2, ""label"": ""partially_correct""}"
Base (zero-shot)||287||56393d8aaf,2,partially_correct,,"{""score"": 2, ""label"": ""partially_correct""}"
Base (zero-shot)||288||7a44dfa856,3,mostly_correct,,"{""score"": 3, ""label"": ""mostly_correct""}"
Base (zero-shot)||289||d0995beef1,2,partially_correct,,"{""score"": 2, ""label"": ""partially_correct""}"
Base (zero-shot)||290||5a44c11add,2,partially_correct,,"{""score"": 2, ""label"": ""partially_correct""}"
Base (zero-shot)||291||213f0dde36,2,partially_correct,,"{""score"": 2, ""label"": ""partially_correct""}"
Base (zero-shot)||292||07f7fb1055,2,partially_correct,,"{""score"": 2, ""label"": ""partially_correct""}"
Base (zero-shot)||293||487bcd27fa,2,partially_correct,,"{""score"": 2, ""label"": ""partially_correct""}"
Base (zero-shot)||294||dbe3380df6,2,partially_correct,,"{""score"": 2, ""label"": ""partially_correct""}"
Base (zero-shot)||295||5c805db438,2,partially_correct,,"{""score"": 2, ""label"": ""partially_correct""}"
Base (zero-shot)||296||1f2c9359aa,2,partially_correct,,"{""score"": 2, ""label"": ""partially_correct""}"
Base (zero-shot)||297||4c5868c255,2,partially_correct,,"{""score"": 2, ""label"": ""partially_correct""}"
Base (zero-shot)||298||107ddbd62f,2,partially_correct,,"{""score"": 2, ""label"": ""partially_correct""}"
Base (zero-shot)||299||cd8fb41d62,2,partially_correct,,"{""score"": 2, ""label"": ""partially_correct""}"
Base (zero-shot)||300||1498c918fc,2,partially_correct,,"{""score"": 2, ""label"": ""partially_correct""}"
Base (zero-shot)||301||e142becebf,0,incorrect,,"{""score"": 0, ""label"": ""incorrect""}"
Base (zero-shot)||302||ff4c7fe713,3,mostly_correct,,"{""score"": 3, ""label"": ""mostly_correct""}

The response is mostly correct but contains a minor omission. It correctly suggests that if the normal process cannot be followed"
Base (zero-shot)||303||3481f469cd,2,partially_correct,,"{""score"": 2, ""label"": ""partially_correct""}"
Base (zero-shot)||304||f247ea30aa,2,partially_correct,,"{""score"": 2, ""label"": ""partially_correct""}"
Base (zero-shot)||305||0ef84e1cc5,1,mostly_incorrect,,"{""score"": 1, ""label"": ""mostly_incorrect""}"
Base (zero-shot)||306||9691154f70,2,partially_correct,,"{""score"": 2, ""label"": ""partially_correct""}"
Base (zero-shot)||307||efff5260e8,0,incorrect,,"{""score"": 0, ""label"": ""incorrect""}"
Base (zero-shot)||308||38263c836b,3,mostly_correct,,"{""score"": 3, ""label"": ""mostly_correct""}"
Base (zero-shot)||309||b19308829f,2,partially_correct,,"{""score"": 2, ""label"": ""partially_correct""}"
Base (zero-shot)||310||e0e5521ebb,3,mostly_correct,,"{""score"": 3, ""label"": ""mostly_correct""}"
Base (zero-shot)||311||839fd9340e,0,incorrect,,"{""score"": 0, ""label"": ""incorrect""}"
Base (zero-shot)||312||0833e3ccd8,0,incorrect,,"{""score"": 0, ""label"": ""incorrect""}"
Base (zero-shot)||313||8959eed78b,2,partially_correct,,"{""score"": 2, ""label"": ""partially_correct""}"
Base (zero-shot)||314||6538c06661,2,partially_correct,,"{""score"": 2, ""label"": ""partially_correct""}"
Base (zero-shot)||315||0967355498,3,mostly_correct,,"{""score"": 3, ""label"": ""mostly_correct""}"
Base (zero-shot)||316||503efe91f4,3,mostly_correct,,"{""score"": 3, ""label"": ""mostly_correct""}"
Base (zero-shot)||317||c174d10795,3,mostly_correct,,"{""score"": 3, ""label"": ""mostly_correct""}"
Base (zero-shot)||318||56888df104,3,mostly_correct,,"{""score"": 3, ""label"": ""mostly_correct""}"
Base (zero-shot)||319||40c7972bdc,3,mostly_correct,,"{""score"": 3, ""label"": ""mostly_correct""}"
Base (zero-shot)||320||7f0f8598f2,3,mostly_correct,,"{""score"": 3, ""label"": ""mostly_correct""}"
Base (zero-shot)||321||3b685ef57a,3,mostly_correct,,"{""score"": 3, ""label"": ""mostly_correct""}"
Base (zero-shot)||322||ad9ac6c012,2,partially_correct,,"{""score"": 2, ""label"": ""partially_correct""}"
Base (zero-shot)||323||6789ffd829,0,incorrect,,"{""score"": 0, ""label"": ""incorrect""}"
Base (zero-shot)||324||e91027407b,1,mostly_incorrect,,"{""score"": 1, ""label"": ""mostly_incorrect""}"
Base (zero-shot)||325||f1f10a0bf5,3,mostly_correct,,"{""score"": 3, ""label"": ""mostly_correct""}"
Base (zero-shot)||326||a24ac57fa5,2,partially_correct,,"{""score"": 2, ""label"": ""partially_correct""}"
Base (zero-shot)||327||814774713d,3,mostly_correct,,"{""score"": 3, ""label"": ""mostly_correct""}"
Base (zero-shot)||328||005429f9fb,2,partially_correct,,"{""score"": 2, ""label"": ""partially_correct""}"
Base (zero-shot)||329||f1caa030f1,3,mostly_correct,,"{""score"": 3, ""label"": ""mostly_correct""}"
Base (zero-shot)||330||b4bba6669f,2,partially_correct,,"{""score"": 2, ""label"": ""partially_correct""}"
Base (zero-shot)||331||22c997a3f4,2,partially_correct,,"{""score"": 2, ""label"": ""partially_correct""}"
Base (zero-shot)||332||81983b2e09,2,partially_correct,,"{""score"": 2, ""label"": ""partially_correct""}"
Fine-tuned (FT)||0||d8f93aaebd,1,mostly_incorrect,,"{""score"": 1, ""label"": ""mostly_incorrect""}"
Fine-tuned (FT)||1||8030de1af5,3,mostly_correct,,"{""score"": 3, ""label"": ""mostly_correct""}"
Fine-tuned (FT)||2||8c2a042ebe,3,mostly_correct,,"{""score"": 3, ""label"": ""mostly_correct""}"
Fine-tuned (FT)||3||ca1b2f2a08,3,mostly_correct,,"{""score"": 3, ""label"": ""mostly_correct""}"
Fine-tuned (FT)||4||e9ee475796,0,incorrect,,"{""score"": 0, ""label"": ""incorrect""}"
Fine-tuned (FT)||5||0667cadd0a,2,partially_correct,,"{""score"": 2, ""label"": ""partially_correct""}"
Fine-tuned (FT)||6||151b02b118,1,mostly_incorrect,,"{""score"": 1, ""label"": ""mostly_incorrect""}"
Fine-tuned (FT)||7||48ea749b84,2,partially_correct,,"{""score"": 2, ""label"": ""partially_correct""}"
Fine-tuned (FT)||8||824fa01df3,0,incorrect,,"{""score"": 0, ""label"": ""incorrect""}"
Fine-tuned (FT)||9||32a1f8ac30,2,partially_correct,,"{""score"": 2, ""label"": ""partially_correct""}"
Fine-tuned (FT)||10||10acd1fe18,3,mostly_correct,,"{""score"": 3, ""label"": ""mostly_correct""}"
Fine-tuned (FT)||11||2c07070a64,0,incorrect,,"{""score"": 0, ""label"": ""incorrect""}"
Fine-tuned (FT)||12||14f55da682,2,partially_correct,,"{""score"": 2, ""label"": ""partially_correct""}"
Fine-tuned (FT)||13||f59da1187c,3,mostly_correct,,"{""score"": 3, ""label"": ""mostly_correct""}"
Fine-tuned (FT)||14||f98beb7521,1,mostly_incorrect,,"{""score"": 1, ""label"": ""mostly_incorrect""}"
Fine-tuned (FT)||15||40d0a7f912,3,mostly_correct,,"{""score"": 3, ""label"": ""mostly_correct""}"
Fine-tuned (FT)||16||05cfe0f02d,3,mostly_correct,,"{""score"": 3, ""label"": ""mostly_correct""}"
Fine-tuned (FT)||17||86faf02c2b,3,mostly_correct,,"{""score"": 3, ""label"": ""mostly_correct""}

Explanation:
The chatbot response is mostly correct but it omits some important details from the canonical ground truth."
Fine-tuned (FT)||18||4f1e256100,0,incorrect,,"{""score"": 0, ""label"": ""incorrect""}"
Fine-tuned (FT)||19||785d67c001,1,mostly_incorrect,,"{""score"": 1, ""label"": ""mostly_incorrect""}"
Fine-tuned (FT)||20||6a17fefef9,0,incorrect,,"{""score"": 0, ""label"": ""incorrect""}"
Fine-tuned (FT)||21||56b081f87b,3,mostly_correct,,"{""score"": 3, ""label"": ""mostly_correct""}

Explanation: The chatbot response correctly mentions that the applicant needs to have at least a 3.00"
Fine-tuned (FT)||22||bf44bcab56,3,mostly_correct,,"{""score"": 3, ""label"": ""mostly_correct""}"
Fine-tuned (FT)||23||e4a85177b2,2,partially_correct,,"{""score"": 2, ""label"": ""partially_correct""}"
Fine-tuned (FT)||24||97e3e5bef9,0,incorrect,,"{""score"": 0, ""label"": ""incorrect""}"
Fine-tuned (FT)||25||0d4f7c2ecd,0,incorrect,,"{""score"": 0, ""label"": ""incorrect""}"
Fine-tuned (FT)||26||b1904f1363,2,partially_correct,,"{""score"": 2, ""label"": ""partially_correct""}"
Fine-tuned (FT)||27||9704490fe9,2,partially_correct,,"{""score"": 2, ""label"": ""partially_correct""}"
Fine-tuned (FT)||28||03625d8d63,2,partially_correct,,"{""score"": 2, ""label"": ""partially_correct""}"
Fine-tuned (FT)||29||a4abcc6533,0,incorrect,,"{""score"": 0, ""label"": ""incorrect""}"
Fine-tuned (FT)||30||07b3ed357f,2,partially_correct,,"{""score"": 2, ""label"": ""partially_correct""}"
Fine-tuned (FT)||31||471c00dea1,1,mostly_incorrect,,"{""score"": 1, ""label"": ""mostly_incorrect""}"
Fine-tuned (FT)||32||0a82908615,2,partially_correct,,"{""score"": 2, ""label"": ""partially_correct""}"
Fine-tuned (FT)||33||f24c3fc51e,2,partially_correct,,"{""score"": 2, ""label"": ""partially_correct""}"
Fine-tuned (FT)||34||a17147467f,2,partially_correct,,"{""score"": 2, ""label"": ""partially_correct""}"
Fine-tuned (FT)||35||3fa210666b,0,incorrect,,"{""score"": 0, ""label"": ""incorrect""}"
Fine-tuned (FT)||36||69bbc9d9d3,2,partially_correct,,"{""score"": 2, ""label"": ""partially_correct""}

Explanation:
- The chatbot mentions that the applicant needs to pass HSC or equivalent in Mathematics or Physics"
Fine-tuned (FT)||37||ae1759dd86,2,partially_correct,,"{""score"": 2, ""label"": ""partially_correct""}"
Fine-tuned (FT)||38||aecdd73577,2,partially_correct,,"{""score"": 2, ""label"": ""partially_correct""}"
Fine-tuned (FT)||39||ce0c513a4e,1,mostly_incorrect,,"{""score"": 1, ""label"": ""mostly_incorrect""}"
Fine-tuned (FT)||40||d7499f0adf,3,mostly_correct,,"{""score"": 3, ""label"": ""mostly_correct""}"
Fine-tuned (FT)||41||a0cf221619,2,partially_correct,,"{""score"": 2, ""label"": ""partially_correct""}"
Fine-tuned (FT)||42||baf54b49d2,2,partially_correct,,"{""score"": 2, ""label"": ""partially_correct""}"
Fine-tuned (FT)||43||1a1b5ce93f,2,partially_correct,,"{""score"": 2, ""label"": ""partially_correct""}"
Fine-tuned (FT)||44||801219edde,2,partially_correct,,"{""score"": 2, ""label"": ""partially_correct""}"
Fine-tuned (FT)||45||a6bbb4a6f2,1,mostly_incorrect,,"{""score"": 1, ""label"": ""mostly_incorrect""}"
Fine-tuned (FT)||46||1a4e6177f2,1,mostly_incorrect,,"{""score"": 1, ""label"": ""mostly_incorrect""}"
Fine-tuned (FT)||47||848a6e4032,1,mostly_incorrect,,"{""score"": 1, ""label"": ""mostly_incorrect""}"
Fine-tuned (FT)||48||b1d9a8f028,3,mostly_correct,,"{""score"": 3, ""label"": ""mostly_correct""}

Explanation:
The chatbot response is close to being fully correct but misses some important details. It correctly mentions that"
Fine-tuned (FT)||49||3edbf1daee,3,mostly_correct,,"{""score"": 3, ""label"": ""mostly_correct""}"
Fine-tuned (FT)||50||7b88b33d63,2,partially_correct,,"{""score"": 2, ""label"": ""partially_correct""}"
Fine-tuned (FT)||51||ad03d56c55,1,mostly_incorrect,,"{""score"": 1, ""label"": ""mostly_incorrect""}"
Fine-tuned (FT)||52||0ae5f1a227,2,partially_correct,,"{""score"": 2, ""label"": ""partially_correct""}"
Fine-tuned (FT)||53||356450e48f,3,mostly_correct,,"{""score"": 3, ""label"": ""mostly_correct""}"
Fine-tuned (FT)||54||7202c48dc0,3,mostly_correct,,"{""score"": 3, ""label"": ""mostly_correct""}"
Fine-tuned (FT)||55||d031aa9be8,1,mostly_incorrect,,"{""score"": 1, ""label"": ""mostly_incorrect""}"
Fine-tuned (FT)||56||8958fd49f8,2,partially_correct,,"{""score"": 2, ""label"": ""partially_correct""}"
Fine-tuned (FT)||57||b833be71f3,0,incorrect,,"{""score"": 0, ""label"": ""incorrect""}"
Fine-tuned (FT)||58||fea777de27,3,mostly_correct,,"{""score"": 3, ""label"": ""mostly_correct""}"
Fine-tuned (FT)||59||3f994d5cba,2,partially_correct,,"{""score"": 2, ""label"": ""partially_correct""}"
Fine-tuned (FT)||60||8457bef60f,3,mostly_correct,,"{""score"": 3, ""label"": ""mostly_correct""}"
Fine-tuned (FT)||61||794866b786,2,partially_correct,,"{""score"": 2, ""label"": ""partially_correct""}"
Fine-tuned (FT)||62||a79c13b8a0,0,incorrect,,"{""score"": 0, ""label"": ""incorrect""}"
Fine-tuned (FT)||63||5f0765ba97,0,incorrect,,"{""score"": 0, ""label"": ""incorrect""}"
Fine-tuned (FT)||64||01fb185dd4,2,partially_correct,,"{""score"": 2, ""label"": ""partially_correct""}"
Fine-tuned (FT)||65||867399fc4b,1,mostly_incorrect,,"{""score"": 1, ""label"": ""mostly_incorrect""}"
Fine-tuned (FT)||66||27888a6ef7,2,partially_correct,,"{""score"": 2, ""label"": ""partially_correct""}"
Fine-tuned (FT)||67||a49a005312,3,mostly_correct,,"{""score"": 3, ""label"": ""mostly_correct""}

Explanation:
The chatbot response is mostly correct in mentioning that course waivers and thesis options are available for the EM"
Fine-tuned (FT)||68||1fe69b36dc,2,partially_correct,,"{""score"": 2, ""label"": ""partially_correct""}"
Fine-tuned (FT)||69||0d3abd877c,0,incorrect,,"{""score"": 0, ""label"": ""incorrect""}"
Fine-tuned (FT)||70||56adbed48c,2,partially_correct,,"{""score"": 2, ""label"": ""partially_correct""}"
Fine-tuned (FT)||71||eb43abfc96,2,partially_correct,,"{""score"": 2, ""label"": ""partially_correct""}"
Fine-tuned (FT)||72||2e27e6b871,0,incorrect,,"{""score"": 0, ""label"": ""incorrect""}"
Fine-tuned (FT)||73||76f490133a,3,mostly_correct,,"{""score"": 3, ""label"": ""mostly_correct""}"
Fine-tuned (FT)||74||74f7e2b3ba,1,mostly_incorrect,,"{""score"": 1, ""label"": ""mostly_incorrect""}"
Fine-tuned (FT)||75||e72f1e18e6,3,mostly_correct,,"{""score"": 3, ""label"": ""mostly_correct""}"
Fine-tuned (FT)||76||1c93e98b1f,2,partially_correct,,"{""score"": 2, ""label"": ""partially_correct""}"
Fine-tuned (FT)||77||e4d5565c6d,3,mostly_correct,,"{""score"": 3, ""label"": ""mostly_correct""}"
Fine-tuned (FT)||78||b7ac8962ed,2,partially_correct,,"{""score"": 2, ""label"": ""partially_correct""}"
Fine-tuned (FT)||79||643f761c90,3,mostly_correct,,"{""score"": 3, ""label"": ""mostly_correct""}"
Fine-tuned (FT)||80||9a4ee45fd6,3,mostly_correct,,"{""score"": 3, ""label"": ""mostly_correct""}

Explanation:
The chatbot response is mostly correct but it lacks some important details. It correctly mentions that B Pharm"
Fine-tuned (FT)||81||b53cd61a21,1,mostly_incorrect,,"{""score"": 1, ""label"": ""mostly_incorrect""}"
Fine-tuned (FT)||82||b705edac90,3,mostly_correct,,"{""score"": 3, ""label"": ""mostly_correct""}
Explanation: The chatbot response is close to the canonical ground truth but lacks some important details. It correctly mentions"
Fine-tuned (FT)||83||ba6bc9c3e4,3,mostly_correct,,"{""score"": 3, ""label"": ""mostly_correct""}"
Fine-tuned (FT)||84||af48644622,2,partially_correct,,"{""score"": 2, ""label"": ""partially_correct""}"
Fine-tuned (FT)||85||30300c0c43,3,mostly_correct,,"{""score"": 3, ""label"": ""mostly_correct""}

The chatbot response is mostly correct but contains minor omissions and an unnecessary detail:

- Correctly mentions scholarships"
Fine-tuned (FT)||86||1759b3266e,0,incorrect,,"{""score"": 0, ""label"": ""incorrect""}"
Fine-tuned (FT)||87||192db7456e,3,mostly_correct,,"{""score"": 3, ""label"": ""mostly_correct""}"
Fine-tuned (FT)||88||6f2b89fbc2,2,partially_correct,,"{""score"": 2, ""label"": ""partially_correct""}"
Fine-tuned (FT)||89||ef76aed2de,3,mostly_correct,,"{""score"": 3, ""label"": ""mostly_correct""}"
Fine-tuned (FT)||90||0314ef158c,2,partially_correct,,"{""score"": 2, ""label"": ""partially_correct""}"
Fine-tuned (FT)||91||acfca3f97f,2,partially_correct,,"{""score"": 2, ""label"": ""partially_correct""}"
Fine-tuned (FT)||92||b8d3d14cfe,2,partially_correct,,"{""score"": 2, ""label"": ""partially_correct""}"
Fine-tuned (FT)||93||2dd678c03b,0,incorrect,,"{""score"": 0, ""label"": ""incorrect""}"
Fine-tuned (FT)||94||20dbfd96e7,2,partially_correct,,"{""score"": 2, ""label"": ""partially_correct""}

Explanation:
- The chatbot mentions that for applying to GEB, one needs to have a minimum GPA"
Fine-tuned (FT)||95||3ed52d5018,2,partially_correct,,"{""score"": 2, ""label"": ""partially_correct""}"
Fine-tuned (FT)||96||0ac8a03ae7,1,mostly_incorrect,,"{""score"": 1, ""label"": ""mostly_incorrect""}"
Fine-tuned (FT)||97||e9b549299e,3,mostly_correct,,"{""score"": 3, ""label"": ""mostly_correct""}
Explanation: The chatbot response correctly mentions the need for a bachelor's degree and a CGPA of at least"
Fine-tuned (FT)||98||6a5f155032,3,mostly_correct,,"{""score"": 3, ""label"": ""mostly_correct""}"
Fine-tuned (FT)||99||91357be8be,1,mostly_incorrect,,"{""score"": 1, ""label"": ""mostly_incorrect""}"
Fine-tuned (FT)||100||269e16de07,0,incorrect,,"{""score"": 0, ""label"": ""incorrect""}"
Fine-tuned (FT)||101||7311897ee4,0,incorrect,,"{""score"": 0, ""label"": ""incorrect""}"
Fine-tuned (FT)||102||af899cd5cd,3,mostly_correct,,"{""score"": 3, ""label"": ""mostly_correct""}"
Fine-tuned (FT)||103||f016800f04,1,mostly_incorrect,,"{""score"": 1, ""label"": ""mostly_incorrect""}"
Fine-tuned (FT)||104||5286b67894,1,mostly_incorrect,,"{""score"": 1, ""label"": ""mostly_incorrect""}"
Fine-tuned (FT)||105||f2d1aab6c6,2,partially_correct,,"{""score"": 2, ""label"": ""partially_correct""}"
Fine-tuned (FT)||106||627aea6818,2,partially_correct,,"{""score"": 2, ""label"": ""partially_correct""}"
Fine-tuned (FT)||107||c02e5264cf,2,partially_correct,,"{""score"": 2, ""label"": ""partially_correct""}"
Fine-tuned (FT)||108||2e2b797746,3,mostly_correct,,"{""score"": 3, ""label"": ""mostly_correct""}"
Fine-tuned (FT)||109||80daf15ae0,2,partially_correct,,"{""score"": 2, ""label"": ""partially_correct""}"
Fine-tuned (FT)||110||bc2511ffa2,2,partially_correct,,"{""score"": 2, ""label"": ""partially_correct""}"
Fine-tuned (FT)||111||789a40d9b8,1,mostly_incorrect,,"{""score"": 1, ""label"": ""mostly_incorrect""}"
Fine-tuned (FT)||112||1acc1edb84,1,mostly_incorrect,,"{""score"": 1, ""label"": ""mostly_incorrect""}"
Fine-tuned (FT)||113||86d59a93e7,2,partially_correct,,"{""score"": 2, ""label"": ""partially_correct""}

Explanation:
- The chatbot response mentions a minimum GPA of 2.5 for a specific subject,"
Fine-tuned (FT)||114||35dcd91f74,2,partially_correct,,"{""score"": 2, ""label"": ""partially_correct""}"
Fine-tuned (FT)||115||0e0c8613b0,3,mostly_correct,,"{""score"": 3, ""label"": ""mostly_correct""}"
Fine-tuned (FT)||116||2ae66e7f5f,2,partially_correct,,"{""score"": 2, ""label"": ""partially_correct""}"
Fine-tuned (FT)||117||e836b7eacf,3,mostly_correct,,"{""score"": 3, ""label"": ""mostly_correct""}"
Fine-tuned (FT)||118||ec952c1f71,3,mostly_correct,,"{""score"": 3, ""label"": ""mostly_correct""}"
Fine-tuned (FT)||119||f8e04d7a4f,3,mostly_correct,,"{""score"": 3, ""label"": ""mostly_correct""}"
Fine-tuned (FT)||120||20bc429848,2,partially_correct,,"{""score"": 2, ""label"": ""partially_correct""}"
Fine-tuned (FT)||121||9435ddf874,2,partially_correct,,"{""score"": 2, ""label"": ""partially_correct""}"
Fine-tuned (FT)||122||6eaf463b9a,3,mostly_correct,,"{""score"": 3, ""label"": ""mostly_correct""}"
Fine-tuned (FT)||123||999df666cb,3,mostly_correct,,"{""score"": 3, ""label"": ""mostly_correct""}"
Fine-tuned (FT)||124||cf2892d694,1,mostly_incorrect,,"{""score"": 1, ""label"": ""mostly_incorrect""}"
Fine-tuned (FT)||125||18cf4246ae,1,mostly_incorrect,,"{""score"": 1, ""label"": ""mostly_incorrect""}"
Fine-tuned (FT)||126||f2471cc3bc,3,mostly_correct,,"{""score"": 3, ""label"": ""mostly_correct""}
Explanation: The chatbot response correctly mentions that the applicant needs to have at least a 3.00"
Fine-tuned (FT)||127||e992c99f4e,2,partially_correct,,"{""score"": 2, ""label"": ""partially_correct""}"
Fine-tuned (FT)||128||50cccb0dbd,3,mostly_correct,,"{""score"": 3, ""label"": ""mostly_correct""}"
Fine-tuned (FT)||129||2e7f98e460,2,partially_correct,,"{""score"": 2, ""label"": ""partially_correct""}"
Fine-tuned (FT)||130||28a39f92b0,3,mostly_correct,,"{""score"": 3, ""label"": ""mostly_correct""}"
Fine-tuned (FT)||131||53a378933c,0,incorrect,,"{""score"": 0, ""label"": ""incorrect""}"
Fine-tuned (FT)||132||a2166a33c7,3,mostly_correct,,"{""score"": 3, ""label"": ""mostly_correct""}"
Fine-tuned (FT)||133||0ff892c03d,3,mostly_correct,,"{""score"": 3, ""label"": ""mostly_correct""}
Explanation: The chatbot response is mostly correct as it mentions the formal process for harassment or discrimination complaints, which"
Fine-tuned (FT)||134||80c3b64ac1,1,mostly_incorrect,,"{""score"": 1, ""label"": ""mostly_incorrect""}"
Fine-tuned (FT)||135||0f1b9bf41a,0,incorrect,,"{""score"": 0, ""label"": ""incorrect""}"
Fine-tuned (FT)||136||a20f53074e,3,mostly_correct,,"{""score"": 3, ""label"": ""mostly_correct""}"
Fine-tuned (FT)||137||0966307601,3,mostly_correct,,"{""score"": 3, ""label"": ""mostly_correct""}"
Fine-tuned (FT)||138||e6f8996254,0,incorrect,,"{""score"": 0, ""label"": ""incorrect""}"
Fine-tuned (FT)||139||e3a37d1062,3,mostly_correct,,"{""score"": 3, ""label"": ""mostly_correct""}"
Fine-tuned (FT)||140||b88e78fe4d,2,partially_correct,,"{""score"": 2, ""label"": ""partially_correct""}"
Fine-tuned (FT)||141||510ff1b85c,3,mostly_correct,,"{""score"": 3, ""label"": ""mostly_correct""}"
Fine-tuned (FT)||142||c8a144d0c3,2,partially_correct,,"{""score"": 2, ""label"": ""partially_correct""}"
Fine-tuned (FT)||143||9579b6d9e5,3,mostly_correct,,"{""score"": 3, ""label"": ""mostly_correct""}"
Fine-tuned (FT)||144||6ef5911fd6,2,partially_correct,,"{""score"": 2, ""label"": ""partially_correct""}"
Fine-tuned (FT)||145||153931fc76,1,mostly_incorrect,,"{""score"": 1, ""label"": ""mostly_incorrect""}"
Fine-tuned (FT)||146||0b87c1610b,1,mostly_incorrect,,"{""score"": 1, ""label"": ""mostly_incorrect""}"
Fine-tuned (FT)||147||3bdc024381,3,mostly_correct,,"{""score"": 3, ""label"": ""mostly_correct""}"
Fine-tuned (FT)||148||ea0ec485ea,2,partially_correct,,"{""score"": 2, ""label"": ""partially_correct""}"
Fine-tuned (FT)||149||81c4762c3d,3,mostly_correct,,"{""score"": 3, ""label"": ""mostly_correct""}"
Fine-tuned (FT)||150||f65b83008d,3,mostly_correct,,"{""score"": 3, ""label"": ""mostly_correct""}"
Fine-tuned (FT)||151||1709ce2bb9,3,mostly_correct,,"{""score"": 3, ""label"": ""mostly_correct""}"
Fine-tuned (FT)||152||0fee062223,3,mostly_correct,,"{""score"": 3, ""label"": ""mostly_correct""}"
Fine-tuned (FT)||153||63d353f3a2,2,partially_correct,,"{""score"": 2, ""label"": ""partially_correct""}"
Fine-tuned (FT)||154||44e46ef201,3,mostly_correct,,"{""score"": 3, ""label"": ""mostly_correct""}"
Fine-tuned (FT)||155||2aaf17bdd6,2,partially_correct,,"{""score"": 2, ""label"": ""partially_correct""}"
Fine-tuned (FT)||156||28f863a837,3,mostly_correct,,"{""score"": 3, ""label"": ""mostly_correct""}"
Fine-tuned (FT)||157||3ccf615a35,2,partially_correct,,"{""score"": 2, ""label"": ""partially_correct""}"
Fine-tuned (FT)||158||57f1af0741,0,incorrect,,"{""score"": 0, ""label"": ""incorrect""}"
Fine-tuned (FT)||159||2616291d89,1,mostly_incorrect,,"{""score"": 1, ""label"": ""mostly_incorrect""}"
Fine-tuned (FT)||160||5f7777ef90,3,mostly_correct,,"{""score"": 3, ""label"": ""mostly_correct""}"
Fine-tuned (FT)||161||249dad9def,1,mostly_incorrect,,"{""score"": 1, ""label"": ""mostly_incorrect""}"
Fine-tuned (FT)||162||6e5ba28cde,3,mostly_correct,,"{""score"": 3, ""label"": ""mostly_correct""}"
Fine-tuned (FT)||163||ce99632015,1,mostly_incorrect,,"{""score"": 1, ""label"": ""mostly_incorrect""}"
Fine-tuned (FT)||164||5f8bde040f,2,partially_correct,,"{""score"": 2, ""label"": ""partially_correct""}"
Fine-tuned (FT)||165||1c314518c2,0,incorrect,,"{""score"": 0, ""label"": ""incorrect""}"
Fine-tuned (FT)||166||af53e9e586,2,partially_correct,,"{""score"": 2, ""label"": ""partially_correct""}"
Fine-tuned (FT)||167||6fb12192be,0,incorrect,,"{""score"": 0, ""label"": ""incorrect""}"
Fine-tuned (FT)||168||2dc48242c5,3,mostly_correct,,"{""score"": 3, ""label"": ""mostly_correct""}"
Fine-tuned (FT)||169||4990d73a88,2,partially_correct,,"{""score"": 2, ""label"": ""partially_correct""}

Explanation: The chatbot response does not directly address whether the application process is for all students or specific groups"
Fine-tuned (FT)||170||a71373982e,2,partially_correct,,"{""score"": 2, ""label"": ""partially_correct""}"
Fine-tuned (FT)||171||62925bf43d,2,partially_correct,,"{""score"": 2, ""label"": ""partially_correct""}"
Fine-tuned (FT)||172||2cd5c2020b,2,partially_correct,,"{""score"": 2, ""label"": ""partially_correct""}"
Fine-tuned (FT)||173||2718589e69,2,partially_correct,,"{""score"": 2, ""label"": ""partially_correct""}"
Fine-tuned (FT)||174||fcf321b690,2,partially_correct,,"{""score"": 2, ""label"": ""partially_correct""}"
Fine-tuned (FT)||175||a8d6cd178b,2,partially_correct,,"{""score"": 2, ""label"": ""partially_correct""}"
Fine-tuned (FT)||176||8c426f177e,2,partially_correct,,"{""score"": 2, ""label"": ""partially_correct""}"
Fine-tuned (FT)||177||c339dbfdee,1,mostly_incorrect,,"{""score"": 1, ""label"": ""mostly_incorrect""}"
Fine-tuned (FT)||178||3768905f4f,2,partially_correct,,"{""score"": 2, ""label"": ""partially_correct""}"
Fine-tuned (FT)||179||085fa828ac,2,partially_correct,,"{""score"": 2, ""label"": ""partially_correct""}

Explanation:
- The chatbot response is partially correct in stating that the applicant needs to have at least a"
Fine-tuned (FT)||180||6f41253ade,0,incorrect,,"{""score"": 0, ""label"": ""incorrect""}"
Fine-tuned (FT)||181||3de8ef760f,2,partially_correct,,"{""score"": 2, ""label"": ""partially_correct""}"
Fine-tuned (FT)||182||26fa6a305a,3,mostly_correct,,"{""score"": 3, ""label"": ""mostly_correct""}"
Fine-tuned (FT)||183||d1bf0584fb,2,partially_correct,,"{""score"": 2, ""label"": ""partially_correct""}"
Fine-tuned (FT)||184||c9e9fde626,2,partially_correct,,"{""score"": 2, ""label"": ""partially_correct""}"
Fine-tuned (FT)||185||a2bf25f36e,2,partially_correct,,"{""score"": 2, ""label"": ""partially_correct""}"
Fine-tuned (FT)||186||d6a59bd51d,1,mostly_incorrect,,"{""score"": 1, ""label"": ""mostly_incorrect""}"
Fine-tuned (FT)||187||0b73acec3b,2,partially_correct,,"{""score"": 2, ""label"": ""partially_correct""}"
Fine-tuned (FT)||188||ce1d12bb24,2,partially_correct,,"{""score"": 2, ""label"": ""partially_correct""}"
Fine-tuned (FT)||189||d49d6e9729,3,mostly_correct,,"{""score"": 3, ""label"": ""mostly_correct""}"
Fine-tuned (FT)||190||a53159f2a5,1,mostly_incorrect,,"{""score"": 1, ""label"": ""mostly_incorrect""}"
Fine-tuned (FT)||191||071e18d7ec,2,partially_correct,,"{""score"": 2, ""label"": ""partially_correct""}"
Fine-tuned (FT)||192||6301fb34a9,3,mostly_correct,,"{""score"": 3, ""label"": ""mostly_correct""}"
Fine-tuned (FT)||193||cb17137afa,2,partially_correct,,"{""score"": 2, ""label"": ""partially_correct""}"
Fine-tuned (FT)||194||cb3222d489,3,mostly_correct,,"{""score"": 3, ""label"": ""mostly_correct""}"
Fine-tuned (FT)||195||962b8ad799,3,mostly_correct,,"{""score"": 3, ""label"": ""mostly_correct""}"
Fine-tuned (FT)||196||30d66e9879,1,mostly_incorrect,,"{""score"": 1, ""label"": ""mostly_incorrect""}"
Fine-tuned (FT)||197||b7308e4cab,3,mostly_correct,,"{""score"": 3, ""label"": ""mostly_correct""}"
Fine-tuned (FT)||198||c45e39c6d7,3,mostly_correct,,"{""score"": 3, ""label"": ""mostly_correct""}"
Fine-tuned (FT)||199||7506247db4,0,incorrect,,"{""score"": 0, ""label"": ""incorrect""}"
Fine-tuned (FT)||200||fcc5ffedee,0,incorrect,,"{""score"": 0, ""label"": ""incorrect""}"
Fine-tuned (FT)||201||a02b424d92,1,mostly_incorrect,,"{""score"": 1, ""label"": ""mostly_incorrect""}"
Fine-tuned (FT)||202||475b17e065,2,partially_correct,,"{""score"": 2, ""label"": ""partially_correct""}"
Fine-tuned (FT)||203||87d0f0ffe5,2,partially_correct,,"{""score"": 2, ""label"": ""partially_correct""}"
Fine-tuned (FT)||204||22c0a755c7,3,mostly_correct,,"{""score"": 3, ""label"": ""mostly_correct""}"
Fine-tuned (FT)||205||6ad01310f6,2,partially_correct,,"{""score"": 2, ""label"": ""partially_correct""}"
Fine-tuned (FT)||206||bcb121c7db,2,partially_correct,,"{""score"": 2, ""label"": ""partially_correct""}"
Fine-tuned (FT)||207||6a3341ca3f,3,mostly_correct,,"{""score"": 3, ""label"": ""mostly_correct""}"
Fine-tuned (FT)||208||35768d71dd,1,mostly_incorrect,,"{""score"": 1, ""label"": ""mostly_incorrect""}"
Fine-tuned (FT)||209||91c59baefd,1,mostly_incorrect,,"{""score"": 1, ""label"": ""mostly_incorrect""}"
Fine-tuned (FT)||210||0803514a49,1,mostly_incorrect,,"{""score"": 1, ""label"": ""mostly_incorrect""}"
Fine-tuned (FT)||211||5c901f7002,1,mostly_incorrect,,"{""score"": 1, ""label"": ""mostly_incorrect""}"
Fine-tuned (FT)||212||5942389256,2,partially_correct,,"{""score"": 2, ""label"": ""partially_correct""}"
Fine-tuned (FT)||213||a4a20e09ad,2,partially_correct,,"{""score"": 2, ""label"": ""partially_correct""}"
Fine-tuned (FT)||214||fb3ffdf1b1,3,mostly_correct,,"{""score"": 3, ""label"": ""mostly_correct""}"
Fine-tuned (FT)||215||68f721c9ec,2,partially_correct,,"{""score"": 2, ""label"": ""partially_correct""}"
Fine-tuned (FT)||216||7d9c13aaf7,2,partially_correct,,"{""score"": 2, ""label"": ""partially_correct""}"
Fine-tuned (FT)||217||0f14a0bf84,2,partially_correct,,"{""score"": 2, ""label"": ""partially_correct""}"
Fine-tuned (FT)||218||a95a7372f9,3,mostly_correct,,"{""score"": 3, ""label"": ""mostly_correct""}"
Fine-tuned (FT)||219||6845214d0e,2,partially_correct,,"{""score"": 2, ""label"": ""partially_correct""}"
Fine-tuned (FT)||220||8c7d14df8b,2,partially_correct,,"{""score"": 2, ""label"": ""partially_correct""}"
Fine-tuned (FT)||221||1cf08cec57,3,mostly_correct,,"{""score"": 3, ""label"": ""mostly_correct""}"
Fine-tuned (FT)||222||902c589b3a,0,incorrect,,"{""score"": 0, ""label"": ""incorrect""}"
Fine-tuned (FT)||223||512193bd44,2,partially_correct,,"{""score"": 2, ""label"": ""partially_correct""}"
Fine-tuned (FT)||224||d2549f6f14,2,partially_correct,,"{""score"": 2, ""label"": ""partially_correct""}"
Fine-tuned (FT)||225||8701016675,3,mostly_correct,,"{""score"": 3, ""label"": ""mostly_correct""}
Explanation: The chatbot response correctly mentions the need for a recognized university bachelor's degree and a CGPA of"
Fine-tuned (FT)||226||569e1ef4b9,3,mostly_correct,,"{""score"": 3, ""label"": ""mostly_correct""}

The chatbot response is mostly correct but contains minor omissions and an unnecessary detail:

- Correctly mentions scholarships"
Fine-tuned (FT)||227||e59d135bca,3,mostly_correct,,"{""score"": 3, ""label"": ""mostly_correct""}"
Fine-tuned (FT)||228||cca6992026,2,partially_correct,,"{""score"": 2, ""label"": ""partially_correct""}"
Fine-tuned (FT)||229||3431caf4e3,2,partially_correct,,"{""score"": 2, ""label"": ""partially_correct""}"
Fine-tuned (FT)||230||eab6518be8,3,mostly_correct,,"{""score"": 3, ""label"": ""mostly_correct""}"
Fine-tuned (FT)||231||fa8a991632,3,mostly_correct,,"{""score"": 3, ""label"": ""mostly_correct""}"
Fine-tuned (FT)||232||29d69bf88c,1,mostly_incorrect,,"{""score"": 1, ""label"": ""mostly_incorrect""}"
Fine-tuned (FT)||233||7db7bed472,3,mostly_correct,,"{""score"": 3, ""label"": ""mostly_correct""}"
Fine-tuned (FT)||234||e21c929465,2,partially_correct,,"{""score"": 2, ""label"": ""partially_correct""}"
Fine-tuned (FT)||235||39ce4a64b1,2,partially_correct,,"{""score"": 2, ""label"": ""partially_correct""}"
Fine-tuned (FT)||236||9b6e9bf6e0,1,mostly_incorrect,,"{""score"": 1, ""label"": ""mostly_incorrect""}"
Fine-tuned (FT)||237||a84e33dc64,2,partially_correct,,"{""score"": 2, ""label"": ""partially_correct""}"
Fine-tuned (FT)||238||9e09834b99,1,mostly_incorrect,,"{""score"": 1, ""label"": ""mostly_incorrect""}"
Fine-tuned (FT)||239||6d3d481613,2,partially_correct,,"{""score"": 2, ""label"": ""partially_correct""}

Explanation:
- The chatbot response mentions that for HSC or equivalent exams, the applicant needs to have"
Fine-tuned (FT)||240||b0182344a5,2,partially_correct,,"{""score"": 2, ""label"": ""partially_correct""}"
Fine-tuned (FT)||241||98675e2da1,3,mostly_correct,,"{""score"": 3, ""label"": ""mostly_correct""}"
Fine-tuned (FT)||242||cce9d128f3,3,mostly_correct,,"{""score"": 3, ""label"": ""mostly_correct""}"
Fine-tuned (FT)||243||b2c77eccd4,1,mostly_incorrect,,"{""score"": 1, ""label"": ""mostly_incorrect""}"
Fine-tuned (FT)||244||f186a2cfb4,2,partially_correct,,"{""score"": 2, ""label"": ""partially_correct""}"
Fine-tuned (FT)||245||3f3df52b91,0,incorrect,,"{""score"": 0, ""label"": ""incorrect""}"
Fine-tuned (FT)||246||635c1d72ba,2,partially_correct,,"{""score"": 2, ""label"": ""partially_correct""}"
Fine-tuned (FT)||247||265fc701d3,0,incorrect,,"{""score"": 0, ""label"": ""incorrect""}"
Fine-tuned (FT)||248||0be2bd8cd5,3,mostly_correct,,"{""score"": 3, ""label"": ""mostly_correct""}"
Fine-tuned (FT)||249||9867c557e4,2,partially_correct,,"{""score"": 2, ""label"": ""partially_correct""}"
Fine-tuned (FT)||250||1ba9a9408f,2,partially_correct,,"{""score"": 2, ""label"": ""partially_correct""}"
Fine-tuned (FT)||251||0ecc84af4b,3,mostly_correct,,"{""score"": 3, ""label"": ""mostly_correct""}

Explanation:
- The chatbot response correctly mentions that scholarships are awarded based on academic merit, which aligns with"
Fine-tuned (FT)||252||58d8bca1b4,2,partially_correct,,"{""score"": 2, ""label"": ""partially_correct""}"
Fine-tuned (FT)||253||312c925607,3,mostly_correct,,"{""score"": 3, ""label"": ""mostly_correct""}"
Fine-tuned (FT)||254||cf384b3769,0,incorrect,,"{""score"": 0, ""label"": ""incorrect""}"
Fine-tuned (FT)||255||651460b260,3,mostly_correct,,"{""score"": 3, ""label"": ""mostly_correct""}

Explanation: The chatbot response correctly mentions that 36 credits are required for an MBA student, and"
Fine-tuned (FT)||256||09be9fe448,2,partially_correct,,"{""score"": 2, ""label"": ""partially_correct""}"
Fine-tuned (FT)||257||d220e8cb48,2,partially_correct,,"{""score"": 2, ""label"": ""partially_correct""}

Explanation:
- The chatbot correctly mentions the minimum GPA requirement of 3.00 for both H"
Fine-tuned (FT)||258||b6fdbfe179,0,incorrect,,"{""score"": 0, ""label"": ""incorrect""}"
Fine-tuned (FT)||259||5aefbefddc,1,mostly_incorrect,,"{""score"": 1, ""label"": ""mostly_incorrect""}"
Fine-tuned (FT)||260||6aa26768a3,2,partially_correct,,"{""score"": 2, ""label"": ""partially_correct""}"
Fine-tuned (FT)||261||a13466a0b0,3,mostly_correct,,"{""score"": 3, ""label"": ""mostly_correct""}"
Fine-tuned (FT)||262||58c7054f28,2,partially_correct,,"{""score"": 2, ""label"": ""partially_correct""}"
Fine-tuned (FT)||263||627aea6818,2,partially_correct,,"{""score"": 2, ""label"": ""partially_correct""}"
Fine-tuned (FT)||264||609be643a9,2,partially_correct,,"{""score"": 2, ""label"": ""partially_correct""}"
Fine-tuned (FT)||265||89d0e904be,2,partially_correct,,"{""score"": 2, ""label"": ""partially_correct""}"
Fine-tuned (FT)||266||81b1da0539,2,partially_correct,,"{""score"": 2, ""label"": ""partially_correct""}"
Fine-tuned (FT)||267||1c1849765a,2,partially_correct,,"{""score"": 2, ""label"": ""partially_correct""}"
Fine-tuned (FT)||268||15bb28f1db,3,mostly_correct,,"{""score"": 3, ""label"": ""mostly_correct""}"
Fine-tuned (FT)||269||0463222ef1,1,mostly_incorrect,,"{""score"": 1, ""label"": ""mostly_incorrect""}"
Fine-tuned (FT)||270||dcf767bc96,0,incorrect,,"{""score"": 0, ""label"": ""incorrect""}"
Fine-tuned (FT)||271||3c3a49bc5c,1,mostly_incorrect,,"{""score"": 1, ""label"": ""mostly_incorrect""}"
Fine-tuned (FT)||272||90ceeaf166,2,partially_correct,,"{""score"": 2, ""label"": ""partially_correct""}"
Fine-tuned (FT)||273||1d4ddbda7c,2,partially_correct,,"{""score"": 2, ""label"": ""partially_correct""}"
Fine-tuned (FT)||274||9b6e9bf6e0,1,mostly_incorrect,,"{""score"": 1, ""label"": ""mostly_incorrect""}"
Fine-tuned (FT)||275||24fa14c8e9,3,mostly_correct,,"{""score"": 3, ""label"": ""mostly_correct""}"
Fine-tuned (FT)||276||b1f875f83b,3,mostly_correct,,"{""score"": 3, ""label"": ""mostly_correct""}"
Fine-tuned (FT)||277||d3e833b874,2,partially_correct,,"{""score"": 2, ""label"": ""partially_correct""}"
Fine-tuned (FT)||278||77372dcb91,2,partially_correct,,"{""score"": 2, ""label"": ""partially_correct""}"
Fine-tuned (FT)||279||27549784b3,2,partially_correct,,"{""score"": 2, ""label"": ""partially_correct""}"
Fine-tuned (FT)||280||12a7772623,2,partially_correct,,"{""score"": 2, ""label"": ""partially_correct""}"
Fine-tuned (FT)||281||6010e41a70,3,mostly_correct,,"{""score"": 3, ""label"": ""mostly_correct""}"
Fine-tuned (FT)||282||68b3f67096,3,mostly_correct,,"{""score"": 3, ""label"": ""mostly_correct""}"
Fine-tuned (FT)||283||54ad4a4982,2,partially_correct,,"{""score"": 2, ""label"": ""partially_correct""}"
Fine-tuned (FT)||284||e825427f83,2,partially_correct,,"{""score"": 2, ""label"": ""partially_correct""}"
Fine-tuned (FT)||285||f899aa51c1,2,partially_correct,,"{""score"": 2, ""label"": ""partially_correct""}"
Fine-tuned (FT)||286||ab04976f16,0,incorrect,,"{""score"": 0, ""label"": ""incorrect""}"
Fine-tuned (FT)||287||e17ff3cdbd,0,incorrect,,"{""score"": 0, ""label"": ""incorrect""}"
Fine-tuned (FT)||288||925c91a7a1,3,mostly_correct,,"{""score"": 3, ""label"": ""mostly_correct""}
Explanation: The chatbot response is close to the canonical ground truth but lacks some details. It correctly mentions the"
Fine-tuned (FT)||289||00f8553236,2,partially_correct,,"{""score"": 2, ""label"": ""partially_correct""}"
Fine-tuned (FT)||290||755d34b8dc,2,partially_correct,,"{""score"": 2, ""label"": ""partially_correct""}"
Fine-tuned (FT)||291||53ebaa3849,3,mostly_correct,,"{""score"": 3, ""label"": ""mostly_correct""}"
Fine-tuned (FT)||292||74a06b5db4,0,incorrect,,"{""score"": 0, ""label"": ""incorrect""}"
Fine-tuned (FT)||293||733d6e444c,2,partially_correct,,"{""score"": 2, ""label"": ""partially_correct""}"
Fine-tuned (FT)||294||97ea2bd09a,2,partially_correct,,"{""score"": 2, ""label"": ""partially_correct""}"
Fine-tuned (FT)||295||5874ae7d8b,3,mostly_correct,,"{""score"": 3, ""label"": ""mostly_correct""}"
Fine-tuned (FT)||296||1ef7850f6d,2,partially_correct,,"{""score"": 2, ""label"": ""partially_correct""}"
Fine-tuned (FT)||297||37871d57f6,3,mostly_correct,,"{""score"": 3, ""label"": ""mostly_correct""}"
Fine-tuned (FT)||298||44e2c846e7,2,partially_correct,,"{""score"": 2, ""label"": ""partially_correct""}"
Fine-tuned (FT)||299||019fcfa1b9,1,mostly_incorrect,,"{""score"": 1, ""label"": ""mostly_incorrect""}"
Fine-tuned (FT)||300||6c42922b80,3,mostly_correct,,"{""score"": 3, ""label"": ""mostly_correct""}"
Fine-tuned (FT)||301||9ad3a0ce14,0,incorrect,,"{""score"": 0, ""label"": ""incorrect""}"
Fine-tuned (FT)||302||4e675b7aa3,2,partially_correct,,"{""score"": 2, ""label"": ""partially_correct""}"
Fine-tuned (FT)||303||f0bc666a82,3,mostly_correct,,"{""score"": 3, ""label"": ""mostly_correct""}"
Fine-tuned (FT)||304||cdb29a0b24,3,mostly_correct,,"{""score"": 3, ""label"": ""mostly_correct""}"
Fine-tuned (FT)||305||b049267660,2,partially_correct,,"{""score"": 2, ""label"": ""partially_correct""}"
Fine-tuned (FT)||306||9bfa4ed6ee,2,partially_correct,,"{""score"": 2, ""label"": ""partially_correct""}"
Fine-tuned (FT)||307||af6bb2e4eb,0,incorrect,,"{""score"": 0, ""label"": ""incorrect""}"
Fine-tuned (FT)||308||3c718fddb2,2,partially_correct,,"{""score"": 2, ""label"": ""partially_correct""}"
Fine-tuned (FT)||309||4a5127a8c4,1,mostly_incorrect,,"{""score"": 1, ""label"": ""mostly_incorrect""}"
Fine-tuned (FT)||310||99a9185961,2,partially_correct,,"{""score"": 2, ""label"": ""partially_correct""}"
Fine-tuned (FT)||311||e3378abb80,2,partially_correct,,"{""score"": 2, ""label"": ""partially_correct""}"
Fine-tuned (FT)||312||7c51e66432,2,partially_correct,,"{""score"": 2, ""label"": ""partially_correct""}"
Fine-tuned (FT)||313||53c7305aab,0,incorrect,,"{""score"": 0, ""label"": ""incorrect""}"
Fine-tuned (FT)||314||96f7305de5,3,mostly_correct,,"{""score"": 3, ""label"": ""mostly_correct""}

Explanation: The chatbot response is mostly correct but contains some minor omissions and an unnecessary detail. It correctly"
Fine-tuned (FT)||315||e497b4b048,2,partially_correct,,"{""score"": 2, ""label"": ""partially_correct""}

Explanation:
- The chatbot response mentions that the applicant needs to have at least a 3.0"
Fine-tuned (FT)||316||157701d5d5,1,mostly_incorrect,,"{""score"": 1, ""label"": ""mostly_incorrect""}"
Fine-tuned (FT)||317||60b0a5e07f,2,partially_correct,,"{""score"": 2, ""label"": ""partially_correct""}"
Fine-tuned (FT)||318||892c1d591a,2,partially_correct,,"{""score"": 2, ""label"": ""partially_correct""}"
Fine-tuned (FT)||319||cd936c2851,3,mostly_correct,,"{""score"": 3, ""label"": ""mostly_correct""}"
Fine-tuned (FT)||320||c57b2dc369,2,partially_correct,,"{""score"": 2, ""label"": ""partially_correct""}"
Fine-tuned (FT)||321||99353e476e,0,incorrect,,"{""score"": 0, ""label"": ""incorrect""}"
Fine-tuned (FT)||322||bf3d4ec810,3,mostly_correct,,"{""score"": 3, ""label"": ""mostly_correct""}"
Fine-tuned (FT)||323||0b6ec9ae1c,3,mostly_correct,,"{""score"": 3, ""label"": ""mostly_correct""}"
Fine-tuned (FT)||324||6917a00dfe,2,partially_correct,,"{""score"": 2, ""label"": ""partially_correct""}"
Fine-tuned (FT)||325||5d04e07869,1,mostly_incorrect,,"{""score"": 1, ""label"": ""mostly_incorrect""}"
Fine-tuned (FT)||326||a32a2079f8,2,partially_correct,,"{""score"": 2, ""label"": ""partially_correct""}"
Fine-tuned (FT)||327||1abdc0c077,1,mostly_incorrect,,"{""score"": 1, ""label"": ""mostly_incorrect""}"
Fine-tuned (FT)||328||b378665455,2,partially_correct,,"{""score"": 2, ""label"": ""partially_correct""}"
Fine-tuned (FT)||329||41210343b8,4,fully_correct,,"{""score"": 4, ""label"": ""fully_correct""}"
Fine-tuned (FT)||330||55f34d2d5c,2,partially_correct,,"{""score"": 2, ""label"": ""partially_correct""}"
Fine-tuned (FT)||331||6bfd93d72c,2,partially_correct,,"{""score"": 2, ""label"": ""partially_correct""}"
Fine-tuned (FT)||332||4b2c59d7a0,3,mostly_correct,,"{""score"": 3, ""label"": ""mostly_correct""}"
FT + RAG||0||df346f5059,1,mostly_incorrect,,"{""score"": 1, ""label"": ""mostly_incorrect""}"
FT + RAG||1||af9257c872,3,mostly_correct,,"{""score"": 3, ""label"": ""mostly_correct""}"
FT + RAG||2||91aa2e96ec,2,partially_correct,,"{""score"": 2, ""label"": ""partially_correct""}"
FT + RAG||3||54bff10e22,3,mostly_correct,,"{""score"": 3, ""label"": ""mostly_correct""}"
FT + RAG||4||ba78608ff0,3,mostly_correct,,"{""score"": 3, ""label"": ""mostly_correct""}"
FT + RAG||5||efa041228b,2,partially_correct,,"{""score"": 2, ""label"": ""partially_correct""}"
FT + RAG||6||ca123fb771,3,mostly_correct,,"{""score"": 3, ""label"": ""mostly_correct""}
Explanation: The chatbot response is close to the canonical ground truth but lacks some important details. It correctly mentions"
FT + RAG||7||740d9b74c3,1,mostly_incorrect,,"{""score"": 1, ""label"": ""mostly_incorrect""}"
FT + RAG||8||65fe77a34a,2,partially_correct,,"{""score"": 2, ""label"": ""partially_correct""}"
FT + RAG||9||1f213c0b19,2,partially_correct,,"{""score"": 2, ""label"": ""partially_correct""}"
FT + RAG||10||64e8b166ed,3,mostly_correct,,"{""score"": 3, ""label"": ""mostly_correct""}"
FT + RAG||11||1ba541f44f,0,incorrect,,"{""score"": 0, ""label"": ""incorrect""}"
FT + RAG||12||af9d37e380,1,mostly_incorrect,,"{""score"": 1, ""label"": ""mostly_incorrect""}"
FT + RAG||13||2de55de608,3,mostly_correct,,"{""score"": 3, ""label"": ""mostly_correct""}"
FT + RAG||14||84e9ae2542,1,mostly_incorrect,,"{""score"": 1, ""label"": ""mostly_incorrect""}"
FT + RAG||15||16aea643e2,3,mostly_correct,,"{""score"": 3, ""label"": ""mostly_correct""}"
FT + RAG||16||32609bb280,3,mostly_correct,,"{""score"": 3, ""label"": ""mostly_correct""}"
FT + RAG||17||81e2b76ec2,3,mostly_correct,,"{""score"": 3, ""label"": ""mostly_correct""}

Explanation:
The chatbot response is close to being fully correct but misses an important detail. It correctly mentions the"
FT + RAG||18||956b984eb8,2,partially_correct,,"{""score"": 2, ""label"": ""partially_correct""}"
FT + RAG||19||ab9d0b067c,2,partially_correct,,"{""score"": 2, ""label"": ""partially_correct""}"
FT + RAG||20||7714ae17bb,0,incorrect,,"{""score"": 0, ""label"": ""incorrect""}"
FT + RAG||21||676cf62741,1,mostly_incorrect,,"{""score"": 1, ""label"": ""mostly_incorrect""}"
FT + RAG||22||4566b2a4e0,2,partially_correct,,"{""score"": 2, ""label"": ""partially_correct""}"
FT + RAG||23||de91ded60c,3,mostly_correct,,"{""score"": 3, ""label"": ""mostly_correct""}"
FT + RAG||24||111ada95f7,0,incorrect,,"{""score"": 0, ""label"": ""incorrect""}"
FT + RAG||25||11e9dd4604,2,partially_correct,,"{""score"": 2, ""label"": ""partially_correct""}"
FT + RAG||26||e3bdc5871c,3,mostly_correct,,"{""score"": 3, ""label"": ""mostly_correct""}"
FT + RAG||27||b03a00355b,1,mostly_incorrect,,"{""score"": 1, ""label"": ""mostly_incorrect""}"
FT + RAG||28||cb18269cf8,0,incorrect,,"{""score"": 0, ""label"": ""incorrect""}"
FT + RAG||29||cb9a37c1eb,0,incorrect,,"{""score"": 0, ""label"": ""incorrect""}"
FT + RAG||30||1aeda19a22,3,mostly_correct,,"{""score"": 3, ""label"": ""mostly_correct""}"
FT + RAG||31||287f183a5f,2,partially_correct,,"{""score"": 2, ""label"": ""partially_correct""}"
FT + RAG||32||0e4e7a6ea7,3,mostly_correct,,"{""score"": 3, ""label"": ""mostly_correct""}"
FT + RAG||33||8ad1de65d2,2,partially_correct,,"{""score"": 2, ""label"": ""partially_correct""}"
FT + RAG||34||82edce3459,0,incorrect,,"{""score"": 0, ""label"": ""incorrect""}"
FT + RAG||35||3434b98722,0,incorrect,,"{""score"": 0, ""label"": ""incorrect""}"
FT + RAG||36||80fdf136fd,2,partially_correct,,"{""score"": 2, ""label"": ""partially_correct""}

Explanation:
- The chatbot response is partially correct in mentioning that the applicant needs to have a minimum GPA"
FT + RAG||37||d6db0a74b5,3,mostly_correct,,"{""score"": 3, ""label"": ""mostly_correct""}"
FT + RAG||38||fa8a02d92b,1,mostly_incorrect,,"{""score"": 1, ""label"": ""mostly_incorrect""}"
FT + RAG||39||fbc30a30a4,0,incorrect,,"{""score"": 0, ""label"": ""incorrect""}"
FT + RAG||40||2c75a09be1,3,mostly_correct,,"{""score"": 3, ""label"": ""mostly_correct""}"
FT + RAG||41||86eefb3232,3,mostly_correct,,"{""score"": 3, ""label"": ""mostly_correct""}"
FT + RAG||42||7549ec3e28,2,partially_correct,,"{""score"": 2, ""label"": ""partially_correct""}"
FT + RAG||43||61c711f4e1,1,mostly_incorrect,,"{""score"": 1, ""label"": ""mostly_incorrect""}"
FT + RAG||44||2dee75cf34,2,partially_correct,,"{""score"": 2, ""label"": ""partially_correct""}"
FT + RAG||45||65a8eb08cb,2,partially_correct,,"{""score"": 2, ""label"": ""partially_correct""}"
FT + RAG||46||fa80217d06,2,partially_correct,,"{""score"": 2, ""label"": ""partially_correct""}"
FT + RAG||47||d8dfbe14af,0,incorrect,,"{""score"": 0, ""label"": ""incorrect""}"
FT + RAG||48||2805cdc461,2,partially_correct,,"{""score"": 2, ""label"": ""partially_correct""}

Explanation:
- The chatbot correctly mentions that Physics and Mathematics are required subjects for the HSC/equ"
FT + RAG||49||b96ae47538,3,mostly_correct,,"{""score"": 3, ""label"": ""mostly_correct""}"
FT + RAG||50||3575009bcb,1,mostly_incorrect,,"{""score"": 1, ""label"": ""mostly_incorrect""}"
FT + RAG||51||91cbe77a3d,2,partially_correct,,"{""score"": 2, ""label"": ""partially_correct""}"
FT + RAG||52||0329ebb585,3,mostly_correct,,"{""score"": 3, ""label"": ""mostly_correct""}"
FT + RAG||53||f29da8f51a,1,mostly_incorrect,,"{""score"": 1, ""label"": ""mostly_incorrect""}"
FT + RAG||54||b4dabf9fd9,0,incorrect,,"{""score"": 0, ""label"": ""incorrect""}"
FT + RAG||55||b40d084e0a,1,mostly_incorrect,,"{""score"": 1, ""label"": ""mostly_incorrect""}"
FT + RAG||56||f952c1748a,2,partially_correct,,"{""score"": 2, ""label"": ""partially_correct""}"
FT + RAG||57||9808693a66,2,partially_correct,,"{""score"": 2, ""label"": ""partially_correct""}"
FT + RAG||58||88d6915ccf,2,partially_correct,,"{""score"": 2, ""label"": ""partially_correct""}"
FT + RAG||59||8c19778569,2,partially_correct,,"{""score"": 2, ""label"": ""partially_correct""}"
FT + RAG||60||e3bdc5871c,2,partially_correct,,"{""score"": 2, ""label"": ""partially_correct""}"
FT + RAG||61||06fb0bbecf,2,partially_correct,,"{""score"": 2, ""label"": ""partially_correct""}"
FT + RAG||62||8ceacf4dca,2,partially_correct,,"{""score"": 2, ""label"": ""partially_correct""}"
FT + RAG||63||896114aaa2,0,incorrect,,"{""score"": 0, ""label"": ""incorrect""}"
FT + RAG||64||fa6203eee8,3,mostly_correct,,"{""score"": 3, ""label"": ""mostly_correct""}"
FT + RAG||65||8170825e2b,1,mostly_incorrect,,"{""score"": 1, ""label"": ""mostly_incorrect""}"
FT + RAG||66||0161bfc733,1,mostly_incorrect,,"{""score"": 1, ""label"": ""mostly_incorrect""}"
FT + RAG||67||d24365e0d5,3,mostly_correct,,"{""score"": 3, ""label"": ""mostly_correct""}

Explanation: The chatbot response is mostly correct but contains minor omissions. It correctly mentions that for a course"
FT + RAG||68||2198ef53a3,3,mostly_correct,,"{""score"": 3, ""label"": ""mostly_correct""}"
FT + RAG||69||381b6ca2bb,1,mostly_incorrect,,"{""score"": 1, ""label"": ""mostly_incorrect""}"
FT + RAG||70||c4289bdadc,2,partially_correct,,"{""score"": 2, ""label"": ""partially_correct""}"
FT + RAG||71||940c0f7bc8,2,partially_correct,,"{""score"": 2, ""label"": ""partially_correct""}"
FT + RAG||72||c252efd23a,0,incorrect,,"{""score"": 0, ""label"": ""incorrect""}"
FT + RAG||73||e4f11d49df,2,partially_correct,,"{""score"": 2, ""label"": ""partially_correct""}"
FT + RAG||74||bda718b4f3,2,partially_correct,,"{""score"": 2, ""label"": ""partially_correct""}"
FT + RAG||75||fc1724d666,3,mostly_correct,,"{""score"": 3, ""label"": ""mostly_correct""}"
FT + RAG||76||c08e97a0d5,3,mostly_correct,,"{""score"": 3, ""label"": ""mostly_correct""}"
FT + RAG||77||3097fdd785,2,partially_correct,,"{""score"": 2, ""label"": ""partially_correct""}"
FT + RAG||78||fd8f7611a0,3,mostly_correct,,"{""score"": 3, ""label"": ""mostly_correct""}"
FT + RAG||79||efb334ed08,3,mostly_correct,,"{""score"": 3, ""label"": ""mostly_correct""}"
FT + RAG||80||cb47f76248,2,partially_correct,,"{""score"": 2, ""label"": ""partially_correct""}"
FT + RAG||81||ff8863e98c,0,incorrect,,"{""score"": 0, ""label"": ""incorrect""}"
FT + RAG||82||3380d066b5,1,mostly_incorrect,,"{""score"": 1, ""label"": ""mostly_incorrect""}"
FT + RAG||83||c5c89755fb,3,mostly_correct,,"{""score"": 3, ""label"": ""mostly_correct""}"
FT + RAG||84||692ae1e1e8,0,incorrect,,"{""score"": 0, ""label"": ""incorrect""}"
FT + RAG||85||f19bd45340,3,mostly_correct,,"{""score"": 3, ""label"": ""mostly_correct""}

Explanation: The chatbot response is mostly correct but contains some minor omissions and inaccuracies. It correctly mentions"
FT + RAG||86||9502eedb9d,1,mostly_incorrect,,"{""score"": 1, ""label"": ""mostly_incorrect""}"
FT + RAG||87||1ebc140368,1,mostly_incorrect,,"{""score"": 1, ""label"": ""mostly_incorrect""}"
FT + RAG||88||3380d066b5,1,mostly_incorrect,,"{""score"": 1, ""label"": ""mostly_incorrect""}"
FT + RAG||89||fb0257d668,1,mostly_incorrect,,"{""score"": 1, ""label"": ""mostly_incorrect""}"
FT + RAG||90||46669f8847,3,mostly_correct,,"{""score"": 3, ""label"": ""mostly_correct""}"
FT + RAG||91||d77290f858,3,mostly_correct,,"{""score"": 3, ""label"": ""mostly_correct""}

The chatbot response is mostly correct but contains minor omissions and an extra detail:

- Correctly mentions scholarships"
FT + RAG||92||05aa4c2001,2,partially_correct,,"{""score"": 2, ""label"": ""partially_correct""}"
FT + RAG||93||2a477c9f17,0,incorrect,,"{""score"": 0, ""label"": ""incorrect""}"
FT + RAG||94||f00cf23943,2,partially_correct,,"{""score"": 2, ""label"": ""partially_correct""}

Explanation:
- The chatbot mentions the minimum GPA of 2.25 for GED or equivalent"
FT + RAG||95||890a119424,2,partially_correct,,"{""score"": 2, ""label"": ""partially_correct""}"
FT + RAG||96||16c636f848,2,partially_correct,,"{""score"": 2, ""label"": ""partially_correct""}"
FT + RAG||97||8e0348c99b,2,partially_correct,,"{""score"": 2, ""label"": ""partially_correct""}
Explanation: The chatbot response mentions that a candidate needs to have a CGPA of at least 3"
FT + RAG||98||78cdfd6697,3,mostly_correct,,"{""score"": 3, ""label"": ""mostly_correct""}"
FT + RAG||99||9ae30a4458,3,mostly_correct,,"{""score"": 3, ""label"": ""mostly_correct""}"
FT + RAG||100||7cd611b2b8,1,mostly_incorrect,,"{""score"": 1, ""label"": ""mostly_incorrect""}"
FT + RAG||101||91fffd2140,0,incorrect,,"{""score"": 0, ""label"": ""incorrect""}"
FT + RAG||102||b4b27607e6,3,mostly_correct,,"{""score"": 3, ""label"": ""mostly_correct""}

Explanation: The chatbot response is mostly correct but contains some minor omissions and inaccuracies. It correctly mentions"
FT + RAG||103||76e7ae3f63,2,partially_correct,,"{""score"": 2, ""label"": ""partially_correct""}

Explanation:
- The chatbot response is partially correct in that it indicates the Vice Chancellor and senior management do"
FT + RAG||104||cedcaf6317,1,mostly_incorrect,,"{""score"": 1, ""label"": ""mostly_incorrect""}"
FT + RAG||105||c14f59d0bc,2,partially_correct,,"{""score"": 2, ""label"": ""partially_correct""}"
FT + RAG||106||9f0b2e5308,2,partially_correct,,"{""score"": 2, ""label"": ""partially_correct""}"
FT + RAG||107||a9506f0ea8,2,partially_correct,,"{""score"": 2, ""label"": ""partially_correct""}
Explanation: The chatbot response is partially correct in mentioning the CGPA requirement but is incomplete and potentially misleading"
FT + RAG||108||74c6cc63a0,3,mostly_correct,,"{""score"": 3, ""label"": ""mostly_correct""}"
FT + RAG||109||26b781026b,0,incorrect,,"{""score"": 0, ""label"": ""incorrect""}"
FT + RAG||110||f0067090be,3,mostly_correct,,"{""score"": 3, ""label"": ""mostly_correct""}"
FT + RAG||111||1a7a3e5ed2,2,partially_correct,,"{""score"": 2, ""label"": ""partially_correct""}"
FT + RAG||112||a45baa44d9,1,mostly_incorrect,,"{""score"": 1, ""label"": ""mostly_incorrect""}"
FT + RAG||113||c4149928d1,2,partially_correct,,"{""score"": 2, ""label"": ""partially_correct""}

Explanation:
- The chatbot response mentions the minimum GPA requirements for HSC and SSC exams, which is"
FT + RAG||114||ef06f46095,1,mostly_incorrect,,"{""score"": 1, ""label"": ""mostly_incorrect""}"
FT + RAG||115||d3b181085d,0,incorrect,,"{""score"": 0, ""label"": ""incorrect""}"
FT + RAG||116||cac9797d08,2,partially_correct,,"{""score"": 2, ""label"": ""partially_correct""}"
FT + RAG||117||7094e6b299,2,partially_correct,,"{""score"": 2, ""label"": ""partially_correct""}"
FT + RAG||118||f3ac7131ff,2,partially_correct,,"{""score"": 2, ""label"": ""partially_correct""}"
FT + RAG||119||950c6a9a28,3,mostly_correct,,"{""score"": 3, ""label"": ""mostly_correct""}"
FT + RAG||120||d64bcdbac4,1,mostly_incorrect,,"{""score"": 1, ""label"": ""mostly_incorrect""}"
FT + RAG||121||26b7ca1e09,2,partially_correct,,"{""score"": 2, ""label"": ""partially_correct""}"
FT + RAG||122||93ee406d43,2,partially_correct,,"{""score"": 2, ""label"": ""partially_correct""}"
FT + RAG||123||9b6639e75e,3,mostly_correct,,"{""score"": 3, ""label"": ""mostly_correct""}"
FT + RAG||124||44300881e2,3,mostly_correct,,"{""score"": 3, ""label"": ""mostly_correct""}"
FT + RAG||125||369f0b42b4,0,incorrect,,"{""score"": 0, ""label"": ""incorrect""}"
FT + RAG||126||c451b41322,2,partially_correct,,"{""score"": 2, ""label"": ""partially_correct""}"
FT + RAG||127||74979454e8,2,partially_correct,,"{""score"": 2, ""label"": ""partially_correct""}"
FT + RAG||128||59792c0ac9,3,mostly_correct,,"{""score"": 3, ""label"": ""mostly_correct""}"
FT + RAG||129||3dda5c58ed,2,partially_correct,,"{""score"": 2, ""label"": ""partially_correct""}"
FT + RAG||130||82a272778e,2,partially_correct,,"{""score"": 2, ""label"": ""partially_correct""}"
FT + RAG||131||a04a910aeb,2,partially_correct,,"{""score"": 2, ""label"": ""partially_correct""}"
FT + RAG||132||39307a2a2e,2,partially_correct,,"{""score"": 2, ""label"": ""partially_correct""}"
FT + RAG||133||e89c535a10,2,partially_correct,,"{""score"": 2, ""label"": ""partially_correct""}"
FT + RAG||134||53285e97b9,2,partially_correct,,"{""score"": 2, ""label"": ""partially_correct""}"
FT + RAG||135||21652bc51f,2,partially_correct,,"{""score"": 2, ""label"": ""partially_correct""}"
FT + RAG||136||e4f7f6a05a,1,mostly_incorrect,,"{""score"": 1, ""label"": ""mostly_incorrect""}"
FT + RAG||137||16826709da,3,mostly_correct,,"{""score"": 3, ""label"": ""mostly_correct""}"
FT + RAG||138||86438276c4,2,partially_correct,,"{""score"": 2, ""label"": ""partially_correct""}"
FT + RAG||139||9d7e915604,3,mostly_correct,,"{""score"": 3, ""label"": ""mostly_correct""}"
FT + RAG||140||5e788cfa5d,2,partially_correct,,"{""score"": 2, ""label"": ""partially_correct""}"
FT + RAG||141||77d0368ce3,1,mostly_incorrect,,"{""score"": 1, ""label"": ""mostly_incorrect""}"
FT + RAG||142||fddb483383,1,mostly_incorrect,,"{""score"": 1, ""label"": ""mostly_incorrect""}"
FT + RAG||143||484a203ee8,3,mostly_correct,,"{""score"": 3, ""label"": ""mostly_correct""}"
FT + RAG||144||81827e06bc,2,partially_correct,,"{""score"": 2, ""label"": ""partially_correct""}"
FT + RAG||145||19b52d8045,2,partially_correct,,"{""score"": 2, ""label"": ""partially_correct""}"
FT + RAG||146||0004d804b7,2,partially_correct,,"{""score"": 2, ""label"": ""partially_correct""}"
FT + RAG||147||7f4999b8c5,2,partially_correct,,"{""score"": 2, ""label"": ""partially_correct""}"
FT + RAG||148||a4dcd699c1,1,mostly_incorrect,,"{""score"": 1, ""label"": ""mostly_incorrect""}"
FT + RAG||149||fafa60e329,3,mostly_correct,,"{""score"": 3, ""label"": ""mostly_correct""}

Explanation:
- The chatbot response correctly mentions scholarships being awarded based on merit, course waivers being possible with permission"
FT + RAG||150||8fa2b046e7,2,partially_correct,,"{""score"": 2, ""label"": ""partially_correct""}"
FT + RAG||151||6b7add5e3d,3,mostly_correct,,"{""score"": 3, ""label"": ""mostly_correct""}"
FT + RAG||152||55f18ab6b3,2,partially_correct,,"{""score"": 2, ""label"": ""partially_correct""}"
FT + RAG||153||744f6dea5e,2,partially_correct,,"{""score"": 2, ""label"": ""partially_correct""}"
FT + RAG||154||c9641130bb,3,mostly_correct,,"{""score"": 3, ""label"": ""mostly_correct""}"
FT + RAG||155||af92f70d14,3,mostly_correct,,"{""score"": 3, ""label"": ""mostly_correct""}"
FT + RAG||156||d86be1daa2,2,partially_correct,,"{""score"": 2, ""label"": ""partially_correct""}"
FT + RAG||157||e74e139a9d,2,partially_correct,,"{""score"": 2, ""label"": ""partially_correct""}"
FT + RAG||158||4393038d59,2,partially_correct,,"{""score"": 2, ""label"": ""partially_correct""}"
FT + RAG||159||9d8ad4e21f,1,mostly_incorrect,,"{""score"": 1, ""label"": ""mostly_incorrect""}"
FT + RAG||160||cfa333b796,2,partially_correct,,"{""score"": 2, ""label"": ""partially_correct""}"
FT + RAG||161||de94b19943,1,mostly_incorrect,,"{""score"": 1, ""label"": ""mostly_incorrect""}"
FT + RAG||162||b9bb255a09,3,mostly_correct,,"{""score"": 3, ""label"": ""mostly_correct""}"
FT + RAG||163||e64aa4365c,2,partially_correct,,"{""score"": 2, ""label"": ""partially_correct""}"
FT + RAG||164||87d81a5707,0,incorrect,,"{""score"": 0, ""label"": ""incorrect""}"
FT + RAG||165||5ab0d623e4,0,incorrect,,"{""score"": 0, ""label"": ""incorrect""}"
FT + RAG||166||e65de82270,2,partially_correct,,"{""score"": 2, ""label"": ""partially_correct""}"
FT + RAG||167||57b2465504,0,incorrect,,"{""score"": 0, ""label"": ""incorrect""}"
FT + RAG||168||6bb39c31ec,3,mostly_correct,,"{""score"": 3, ""label"": ""mostly_correct""}"
FT + RAG||169||c9f13c39d2,2,partially_correct,,"{""score"": 2, ""label"": ""partially_correct""}"
FT + RAG||170||fa26642882,1,mostly_incorrect,,"{""score"": 1, ""label"": ""mostly_incorrect""}"
FT + RAG||171||60aacc7bc6,2,partially_correct,,"{""score"": 2, ""label"": ""partially_correct""}

Explanation:
The chatbot response mentions that the applicant needs to pass Mathematics and Physics at HSC/equ"
FT + RAG||172||4f1935ee2c,2,partially_correct,,"{""score"": 2, ""label"": ""partially_correct""}"
FT + RAG||173||17ef314a99,3,mostly_correct,,"{""score"": 3, ""label"": ""mostly_correct""}"
FT + RAG||174||76981866c7,2,partially_correct,,"{""score"": 2, ""label"": ""partially_correct""}"
FT + RAG||175||5d6d4900cd,2,partially_correct,,"{""score"": 2, ""label"": ""partially_correct""}"
FT + RAG||176||c3848fb6c8,2,partially_correct,,"{""score"": 2, ""label"": ""partially_correct""}"
FT + RAG||177||049414deda,2,partially_correct,,"{""score"": 2, ""label"": ""partially_correct""}

Explanation:
- The chatbot response mentions the need for Mathematics and Physics in the HSC/A-Level,"
FT + RAG||178||d9005db5d0,3,mostly_correct,,"{""score"": 3, ""label"": ""mostly_correct""}"
FT + RAG||179||aa53f1f348,3,mostly_correct,,"{""score"": 3, ""label"": ""mostly_correct""}

Explanation: The chatbot response mentions that the applicant needs to pass Mathematics and Physics at HSC or equivalent level"
FT + RAG||180||355dbe167a,0,incorrect,,"{""score"": 0, ""label"": ""incorrect""}"
FT + RAG||181||818d426f80,2,partially_correct,,"{""score"": 2, ""label"": ""partially_correct""}"
FT + RAG||182||3ae59d7192,3,mostly_correct,,"{""score"": 3, ""label"": ""mostly_correct""}"
FT + RAG||183||c17c988434,3,mostly_correct,,"{""score"": 3, ""label"": ""mostly_correct""}"
FT + RAG||184||3e65f01ceb,2,partially_correct,,"{""score"": 2, ""label"": ""partially_correct""}"
FT + RAG||185||90f3437824,1,mostly_incorrect,,"{""score"": 1, ""label"": ""mostly_incorrect""}"
FT + RAG||186||3bc799e73f,0,incorrect,,"{""score"": 0, ""label"": ""incorrect""}"
FT + RAG||187||a5105bece5,3,mostly_correct,,"{""score"": 3, ""label"": ""mostly_correct""}"
FT + RAG||188||af8919bbf1,2,partially_correct,,"{""score"": 2, ""label"": ""partially_correct""}"
FT + RAG||189||b067f8c961,1,mostly_incorrect,,"{""score"": 1, ""label"": ""mostly_incorrect""}"
FT + RAG||190||2f4a7795a7,2,partially_correct,,"{""score"": 2, ""label"": ""partially_correct""}"
FT + RAG||191||69caaece9c,0,incorrect,,"{""score"": 0, ""label"": ""incorrect""}"
FT + RAG||192||f13304496d,2,partially_correct,,"{""score"": 2, ""label"": ""partially_correct""}"
FT + RAG||193||f365ff9e1e,3,mostly_correct,,"{""score"": 3, ""label"": ""mostly_correct""}"
FT + RAG||194||720b539d96,3,mostly_correct,,"{""score"": 3, ""label"": ""mostly_correct""}"
FT + RAG||195||d23c925381,3,mostly_correct,,"{""score"": 3, ""label"": ""mostly_correct""}"
FT + RAG||196||8e5be68905,1,mostly_incorrect,,"{""score"": 1, ""label"": ""mostly_incorrect""}"
FT + RAG||197||f4262eebd5,1,mostly_incorrect,,"{""score"": 1, ""label"": ""mostly_incorrect""}"
FT + RAG||198||42ad7eeefb,2,partially_correct,,"{""score"": 2, ""label"": ""partially_correct""}"
FT + RAG||199||1e0f1e9a4a,2,partially_correct,,"{""score"": 2, ""label"": ""partially_correct""}"
FT + RAG||200||967a262dc0,2,partially_correct,,"{""score"": 2, ""label"": ""partially_correct""}"
FT + RAG||201||3380d066b5,1,mostly_incorrect,,"{""score"": 1, ""label"": ""mostly_incorrect""}"
FT + RAG||202||e716f4add4,0,incorrect,,"{""score"": 0, ""label"": ""incorrect""}"
FT + RAG||203||26c8707bd4,2,partially_correct,,"{""score"": 2, ""label"": ""partially_correct""}"
FT + RAG||204||77f6bd1eb6,1,mostly_incorrect,,"{""score"": 1, ""label"": ""mostly_incorrect""}"
FT + RAG||205||173ee18e9e,1,mostly_incorrect,,"{""score"": 1, ""label"": ""mostly_incorrect""}"
FT + RAG||206||52ab2805c1,0,incorrect,,"{""score"": 0, ""label"": ""incorrect""}"
FT + RAG||207||a88d00ca66,3,mostly_correct,,"{""score"": 3, ""label"": ""mostly_correct""}"
FT + RAG||208||e3c368d1a0,2,partially_correct,,"{""score"": 2, ""label"": ""partially_correct""}"
FT + RAG||209||82150eb749,3,mostly_correct,,"{""score"": 3, ""label"": ""mostly_correct""}"
FT + RAG||210||54b3a05a3b,2,partially_correct,,"{""score"": 2, ""label"": ""partially_correct""}"
FT + RAG||211||e32428c0b5,3,mostly_correct,,"{""score"": 3, ""label"": ""mostly_correct""}
Explanation: The chatbot response correctly mentions the requirements for the MS in CSE program, including the number of"
FT + RAG||212||e419f661b0,3,mostly_correct,,"{""score"": 3, ""label"": ""mostly_correct""}"
FT + RAG||213||b28e5ac2e6,2,partially_correct,,"{""score"": 2, ""label"": ""partially_correct""}"
FT + RAG||214||0ed1a3a2c3,0,incorrect,,"{""score"": 0, ""label"": ""incorrect""}"
FT + RAG||215||8162436bda,2,partially_correct,,"{""score"": 2, ""label"": ""partially_correct""}"
FT + RAG||216||dafed6be6a,3,mostly_correct,,"{""score"": 3, ""label"": ""mostly_correct""}"
FT + RAG||217||5e47cbcc17,2,partially_correct,,"{""score"": 2, ""label"": ""partially_correct""}
Explanation: The chatbot response is partially correct in mentioning that a higher CGPA is required if the applicant"
FT + RAG||218||b73a395713,2,partially_correct,,"{""score"": 2, ""label"": ""partially_correct""}"
FT + RAG||219||e3d2442a03,1,mostly_incorrect,,"{""score"": 1, ""label"": ""mostly_incorrect""}"
FT + RAG||220||806c66c6cd,0,incorrect,,"{""score"": 0, ""label"": ""incorrect""}"
FT + RAG||221||ce64ce1c9f,1,mostly_incorrect,,"{""score"": 1, ""label"": ""mostly_incorrect""}"
FT + RAG||222||1cf0cb9c9b,0,incorrect,,"{""score"": 0, ""label"": ""incorrect""}"
FT + RAG||223||e9fd550ef6,2,partially_correct,,"{""score"": 2, ""label"": ""partially_correct""}"
FT + RAG||224||406cdd39d7,0,incorrect,,"{""score"": 0, ""label"": ""incorrect""}"
FT + RAG||225||7d947d5d88,2,partially_correct,,"{""score"": 2, ""label"": ""partially_correct""}"
FT + RAG||226||c011d9bb58,3,mostly_correct,,"{""score"": 3, ""label"": ""mostly_correct""}"
FT + RAG||227||9467e8fa16,2,partially_correct,,"{""score"": 2, ""label"": ""partially_correct""}"
FT + RAG||228||313a14eb22,3,mostly_correct,,"{""score"": 3, ""label"": ""mostly_correct""}"
FT + RAG||229||8eb20bf6aa,2,partially_correct,,"{""score"": 2, ""label"": ""partially_correct""}"
FT + RAG||230||cadc2d77a4,2,partially_correct,,"{""score"": 2, ""label"": ""partially_correct""}"
FT + RAG||231||35e6239411,3,mostly_correct,,"{""score"": 3, ""label"": ""mostly_correct""}"
FT + RAG||232||38eb0bbc6e,2,partially_correct,,"{""score"": 2, ""label"": ""partially_correct""}"
FT + RAG||233||e82919977f,3,mostly_correct,,"{""score"": 3, ""label"": ""mostly_correct""}"
FT + RAG||234||5673b89d5c,1,mostly_incorrect,,"{""score"": 1, ""label"": ""mostly_incorrect""}"
FT + RAG||235||52380d1efd,0,incorrect,,"{""score"": 0, ""label"": ""incorrect""}"
FT + RAG||236||04f48071e8,0,incorrect,,"{""score"": 0, ""label"": ""incorrect""}"
FT + RAG||237||d4bd378b6c,1,mostly_incorrect,,"{""score"": 1, ""label"": ""mostly_incorrect""}"
FT + RAG||238||5d3dd88fa3,1,mostly_incorrect,,"{""score"": 1, ""label"": ""mostly_incorrect""}"
FT + RAG||239||2b58bee3b0,2,partially_correct,,"{""score"": 2, ""label"": ""partially_correct""}

Explanation:
The chatbot response mentions that the applicant needs to pass Mathematics and Physics at HSC or equivalent"
FT + RAG||240||6947637da1,2,partially_correct,,"{""score"": 2, ""label"": ""partially_correct""}"
FT + RAG||241||8791162eef,3,mostly_correct,,"{""score"": 3, ""label"": ""mostly_correct""}"
FT + RAG||242||07838cd44e,0,incorrect,,"{""score"": 0, ""label"": ""incorrect""}"
FT + RAG||243||7050735eb9,2,partially_correct,,"{""score"": 2, ""label"": ""partially_correct""}"
FT + RAG||244||9aacdb3b09,2,partially_correct,,"{""score"": 2, ""label"": ""partially_correct""}"
FT + RAG||245||99a9308162,1,mostly_incorrect,,"{""score"": 1, ""label"": ""mostly_incorrect""}"
FT + RAG||246||e7dd2d1a5e,1,mostly_incorrect,,"{""score"": 1, ""label"": ""mostly_incorrect""}"
FT + RAG||247||04cb61a597,0,incorrect,,"{""score"": 0, ""label"": ""incorrect""}"
FT + RAG||248||bf1f244ca1,3,mostly_correct,,"{""score"": 3, ""label"": ""mostly_correct""}

Explanation:
- The chatbot response is mostly correct but contains some minor omissions and extra details.
- It"
FT + RAG||249||9d7e915604,3,mostly_correct,,"{""score"": 3, ""label"": ""mostly_correct""}"
FT + RAG||250||e109075d7e,1,mostly_incorrect,,"{""score"": 1, ""label"": ""mostly_incorrect""}"
FT + RAG||251||e447d538d5,3,mostly_correct,,"{""score"": 3, ""label"": ""mostly_correct""}"
FT + RAG||252||6dba04c3f2,0,incorrect,,"{""score"": 0, ""label"": ""incorrect""}"
FT + RAG||253||941c0d4d0e,2,partially_correct,,"{""score"": 2, ""label"": ""partially_correct""}"
FT + RAG||254||431978a424,2,partially_correct,,"{""score"": 2, ""label"": ""partially_correct""}"
FT + RAG||255||d5e297a9c4,2,partially_correct,,"{""score"": 2, ""label"": ""partially_correct""}"
FT + RAG||256||37ea6207fe,3,mostly_correct,,"{""score"": 3, ""label"": ""mostly_correct""}"
FT + RAG||257||f95e91cb40,2,partially_correct,,"{""score"": 2, ""label"": ""partially_correct""}

Explanation:
- The chatbot response mentions the minimum CGPA of 3.5 and subject-wise minimum"
FT + RAG||258||98a9a8791d,0,incorrect,,"{""score"": 0, ""label"": ""incorrect""}"
FT + RAG||259||82484bb223,2,partially_correct,,"{""score"": 2, ""label"": ""partially_correct""}"
FT + RAG||260||7f89222a20,3,mostly_correct,,"{""score"": 3, ""label"": ""mostly_correct""}"
FT + RAG||261||3097fdd785,2,partially_correct,,"{""score"": 2, ""label"": ""partially_correct""}"
FT + RAG||262||aaaa16d9bf,0,incorrect,,"{""score"": 0, ""label"": ""incorrect""}"
FT + RAG||263||cd35b4cf86,2,partially_correct,,"{""score"": 2, ""label"": ""partially_correct""}"
FT + RAG||264||9d8caa5c2d,2,partially_correct,,"{""score"": 2, ""label"": ""partially_correct""}"
FT + RAG||265||f6d7687a00,2,partially_correct,,"{""score"": 2, ""label"": ""partially_correct""}"
FT + RAG||266||900e65555b,2,partially_correct,,"{""score"": 2, ""label"": ""partially_correct""}"
FT + RAG||267||b3a9052da9,3,mostly_correct,,"{""score"": 3, ""label"": ""mostly_correct""}"
FT + RAG||268||f6d7687a00,2,partially_correct,,"{""score"": 2, ""label"": ""partially_correct""}"
FT + RAG||269||94e688edb7,2,partially_correct,,"{""score"": 2, ""label"": ""partially_correct""}"
FT + RAG||270||607bb79b3e,1,mostly_incorrect,,"{""score"": 1, ""label"": ""mostly_incorrect""}"
FT + RAG||271||4de31f479e,2,partially_correct,,"{""score"": 2, ""label"": ""partially_correct""}"
FT + RAG||272||73f2850a79,2,partially_correct,,"{""score"": 2, ""label"": ""partially_correct""}"
FT + RAG||273||06164a71ce,3,mostly_correct,,"{""score"": 3, ""label"": ""mostly_correct""}

Explanation:
- The chatbot response is mostly correct in mentioning that a student can shift to a thesis option for"
FT + RAG||274||bd98ab4441,2,partially_correct,,"{""score"": 2, ""label"": ""partially_correct""}"
FT + RAG||275||d8ca34bfb7,2,partially_correct,,"{""score"": 2, ""label"": ""partially_correct""}"
FT + RAG||276||7050821c0c,2,partially_correct,,"{""score"": 2, ""label"": ""partially_correct""}"
FT + RAG||277||a63bc40722,2,partially_correct,,"{""score"": 2, ""label"": ""partially_correct""}"
FT + RAG||278||43b6849a31,2,partially_correct,,"{""score"": 2, ""label"": ""partially_correct""}"
FT + RAG||279||b57425d628,3,mostly_correct,,"{""score"": 3, ""label"": ""mostly_correct""}"
FT + RAG||280||8bc3a19422,0,incorrect,,"{""score"": 0, ""label"": ""incorrect""}"
FT + RAG||281||b4911df93c,3,mostly_correct,,"{""score"": 3, ""label"": ""mostly_correct""}"
FT + RAG||282||302b0ceb6b,1,mostly_incorrect,,"{""score"": 1, ""label"": ""mostly_incorrect""}"
FT + RAG||283||3724f4d795,0,incorrect,,"{""score"": 0, ""label"": ""incorrect""}"
FT + RAG||284||a87d33d608,3,mostly_correct,,"{""score"": 3, ""label"": ""mostly_correct""}"
FT + RAG||285||2894827866,2,partially_correct,,"{""score"": 2, ""label"": ""partially_correct""}"
FT + RAG||286||db6839c4b5,3,mostly_correct,,"{""score"": 3, ""label"": ""mostly_correct""}"
FT + RAG||287||341c30ad07,1,mostly_incorrect,,"{""score"": 1, ""label"": ""mostly_incorrect""}"
FT + RAG||288||3122b7ce7c,2,partially_correct,,"{""score"": 2, ""label"": ""partially_correct""}"
FT + RAG||289||f0ecd6da36,0,incorrect,,"{""score"": 0, ""label"": ""incorrect""}"
FT + RAG||290||86430e878c,1,mostly_incorrect,,"{""score"": 1, ""label"": ""mostly_incorrect""}"
FT + RAG||291||aadde93fc7,3,mostly_correct,,"{""score"": 3, ""label"": ""mostly_correct""}"
FT + RAG||292||81eec80ea8,0,incorrect,,"{""score"": 0, ""label"": ""incorrect""}"
FT + RAG||293||98ce0515d3,1,mostly_incorrect,,"{""score"": 1, ""label"": ""mostly_incorrect""}"
FT + RAG||294||3137e325c7,2,partially_correct,,"{""score"": 2, ""label"": ""partially_correct""}"
FT + RAG||295||4529b3a2d6,2,partially_correct,,"{""score"": 2, ""label"": ""partially_correct""}"
FT + RAG||296||ebdb67f612,2,partially_correct,,"{""score"": 2, ""label"": ""partially_correct""}"
FT + RAG||297||c3e9c91bee,3,mostly_correct,,"{""score"": 3, ""label"": ""mostly_correct""}"
FT + RAG||298||e8714e3587,2,partially_correct,,"{""score"": 2, ""label"": ""partially_correct""}"
FT + RAG||299||c9f8034f81,0,incorrect,,"{""score"": 0, ""label"": ""incorrect""}"
FT + RAG||300||4566b2a4e0,3,mostly_correct,,"{""score"": 3, ""label"": ""mostly_correct""}"
FT + RAG||301||d4561f6a89,0,incorrect,,"{""score"": 0, ""label"": ""incorrect""}"
FT + RAG||302||14fb3ff449,3,mostly_correct,,"{""score"": 3, ""label"": ""mostly_correct""}"
FT + RAG||303||e9fd550ef6,2,partially_correct,,"{""score"": 2, ""label"": ""partially_correct""}"
FT + RAG||304||ff615f8458,2,partially_correct,,"{""score"": 2, ""label"": ""partially_correct""}"
FT + RAG||305||2b6da3f2c1,0,incorrect,,"{""score"": 0, ""label"": ""incorrect""}"
FT + RAG||306||24c1c66c98,0,incorrect,,"{""score"": 0, ""label"": ""incorrect""}"
FT + RAG||307||2dfaea5c8a,2,partially_correct,,"{""score"": 2, ""label"": ""partially_correct""}"
FT + RAG||308||a71a628500,0,incorrect,,"{""score"": 0, ""label"": ""incorrect""}"
FT + RAG||309||69eea99e46,3,mostly_correct,,"{""score"": 3, ""label"": ""mostly_correct""}"
FT + RAG||310||f727d9eda1,2,partially_correct,,"{""score"": 2, ""label"": ""partially_correct""}"
FT + RAG||311||b50ee6bdb1,0,incorrect,,"{""score"": 0, ""label"": ""incorrect""}"
FT + RAG||312||4f72ec75e9,0,incorrect,,"{""score"": 0, ""label"": ""incorrect""}"
FT + RAG||313||f6b327cfb4,0,incorrect,,"{""score"": 0, ""label"": ""incorrect""}"
FT + RAG||314||19b2b94b5e,3,mostly_correct,,"{""score"": 3, ""label"": ""mostly_correct""}

Explanation: The chatbot response is mostly correct but contains minor omissions and an extra detail. It correctly mentions"
FT + RAG||315||b213fdb550,2,partially_correct,,"{""score"": 2, ""label"": ""partially_correct""}

Explanation:
- The chatbot response mentions the minimum GPA requirement for SSC and HSC, which is correct"
FT + RAG||316||40d820e19c,0,incorrect,,"{""score"": 0, ""label"": ""incorrect""}"
FT + RAG||317||87722abfec,1,mostly_incorrect,,"{""score"": 1, ""label"": ""mostly_incorrect""}"
FT + RAG||318||93d358560e,2,partially_correct,,"{""score"": 2, ""label"": ""partially_correct""}"
FT + RAG||319||decae1916d,2,partially_correct,,"{""score"": 2, ""label"": ""partially_correct""}"
FT + RAG||320||45400bca84,2,partially_correct,,"{""score"": 2, ""label"": ""partially_correct""}"
FT + RAG||321||e7cdf1a572,2,partially_correct,,"{""score"": 2, ""label"": ""partially_correct""}"
FT + RAG||322||6c04b7861a,1,mostly_incorrect,,"{""score"": 1, ""label"": ""mostly_incorrect""}"
FT + RAG||323||347db047fe,3,mostly_correct,,"{""score"": 3, ""label"": ""mostly_correct""}"
FT + RAG||324||f11496a738,2,partially_correct,,"{""score"": 2, ""label"": ""partially_correct""}"
FT + RAG||325||9b6639e75e,3,mostly_correct,,"{""score"": 3, ""label"": ""mostly_correct""}"
FT + RAG||326||8c856ae506,2,partially_correct,,"{""score"": 2, ""label"": ""partially_correct""}"
FT + RAG||327||a84d411876,0,incorrect,,"{""score"": 0, ""label"": ""incorrect""}"
FT + RAG||328||88db53f8f7,2,partially_correct,,"{""score"": 2, ""label"": ""partially_correct""}"
FT + RAG||329||5c2dbc07c0,3,mostly_correct,,"{""score"": 3, ""label"": ""mostly_correct""}"
FT + RAG||330||bf18a14347,2,partially_correct,,"{""score"": 2, ""label"": ""partially_correct""}"
FT + RAG||331||af07e10841,2,partially_correct,,"{""score"": 2, ""label"": ""partially_correct""}"
FT + RAG||332||e34d2e3324,2,partially_correct,,"{""score"": 2, ""label"": ""partially_correct""}"
